display_id,query_id,chunk_id,final_relevance_grade,label_source,adjudication_rationale
v2q-001-candidate-01,v2q-001,pilot-v2-doc-pmay-g-0004-f8ee90715c3f,1,owner_first_pass_unsampled_seed42,
v2q-001-candidate-02,v2q-001,pilot-v2-doc-pmay-u-0001-b64fadc4bf6b,0,owner_first_pass_unsampled_seed42,
v2q-001-candidate-03,v2q-001,pilot-v2-doc-pmay-g-0003-2769023a3f73,1,owner_first_pass_unsampled_seed42,
v2q-001-candidate-04,v2q-001,pilot-v2-doc-pmay-g-0002-e08c1e347071,1,owner_first_pass_unsampled_seed42,
v2q-001-candidate-05,v2q-001,pilot-v2-doc-pmuy-0001-5fd4d0cd2135,0,owner_first_pass_unsampled_seed42,
v2q-001-candidate-06,v2q-001,pilot-v2-doc-pmay-u-0000-0b5e95b2690a,0,owner_first_pass_unsampled_seed42,
v2q-001-candidate-07,v2q-001,pilot-v2-doc-pmay-g-0001-db2db8af1543,2,owner_regrade_agreement_seed42,
v2q-001-candidate-08,v2q-001,pilot-v2-doc-pm-janman-0002-d0844e3327b6,0,owner_first_pass_unsampled_seed42,
v2q-001-candidate-09,v2q-001,pilot-v2-doc-pmay-g-0005-c6e2fcfefcd0,1,owner_first_pass_unsampled_seed42,
v2q-001-candidate-10,v2q-001,pilot-v2-doc-pm-poshan-0000-7be831685336,0,owner_first_pass_unsampled_seed42,
v2q-001-candidate-11,v2q-001,pilot-v2-doc-pmay-g-0000-d4162175877d,2,owner_first_pass_unsampled_seed42,
v2q-001-candidate-12,v2q-001,pilot-v2-doc-apy-0000-c43dd88d7899,0,owner_first_pass_unsampled_seed42,
v2q-001-candidate-13,v2q-001,pilot-v2-doc-pm-janman-0001-0deee4377b38,0,owner_first_pass_unsampled_seed42,
v2q-001-candidate-14,v2q-001,pilot-v2-doc-pmay-g-0006-d323213e3255,1,owner_first_pass_unsampled_seed42,
v2q-001-candidate-15,v2q-001,pilot-v2-doc-ab-pmjay-0001-a632a7205efc,0,owner_first_pass_unsampled_seed42,
v2q-001-candidate-16,v2q-001,pilot-v2-doc-ab-pmjay-0003-1242266bb260,0,owner_first_pass_unsampled_seed42,
v2q-001-candidate-17,v2q-001,pilot-v2-doc-mgnrega-0000-7e6d80b47566,0,owner_first_pass_unsampled_seed42,
v2q-001-candidate-18,v2q-001,pilot-v2-doc-mgnrega-0001-5203a455caa6,0,owner_first_pass_unsampled_seed42,
v2q-001-candidate-19,v2q-001,pilot-v2-doc-pm-gkay-0000-c29b96f46a80,0,owner_first_pass_unsampled_seed42,
v2q-001-candidate-20,v2q-001,pilot-v2-doc-apy-0002-66a5cc4017fb,0,owner_first_pass_unsampled_seed42,
v2q-001-candidate-21,v2q-001,pilot-v2-doc-apy-0001-add48d27a4a2,0,owner_first_pass_unsampled_seed42,
v2q-001-candidate-22,v2q-001,pilot-v2-doc-ab-pmjay-0004-2e5074722cd7,0,owner_first_pass_unsampled_seed42,
v2q-001-candidate-23,v2q-001,pilot-v2-doc-ab-pmjay-0000-94c82a474579,0,owner_first_pass_unsampled_seed42,
v2q-002-candidate-01,v2q-002,pilot-v2-doc-pm-gkay-0001-ccd31e120258,0,owner_first_pass_unsampled_seed42,
v2q-002-candidate-02,v2q-002,pilot-v2-doc-pmfby-0005-981661f0b09d,1,owner_first_pass_unsampled_seed42,
v2q-002-candidate-03,v2q-002,pilot-v2-doc-pmfby-0002-5c46025b568d,1,owner_regrade_agreement_seed42,
v2q-002-candidate-04,v2q-002,pilot-v2-doc-pmegp-0002-f67d4c730011,0,owner_first_pass_unsampled_seed42,
v2q-002-candidate-05,v2q-002,pilot-v2-doc-pm-kmy-guidelines-0006-2652020c834e,0,owner_regrade_agreement_seed42,
v2q-002-candidate-06,v2q-002,pilot-v2-doc-pmegp-0001-f900b4f4f97a,0,owner_first_pass_unsampled_seed42,
v2q-002-candidate-07,v2q-002,pilot-v2-doc-pmay-g-0001-db2db8af1543,0,owner_first_pass_unsampled_seed42,
v2q-002-candidate-08,v2q-002,pilot-v2-doc-pmfby-0003-5aa41e0f864d,1,owner_regrade_agreement_seed42,
v2q-002-candidate-09,v2q-002,pilot-v2-doc-pmkvy-stt-0001-ea2787dec4e8,0,owner_first_pass_unsampled_seed42,
v2q-002-candidate-10,v2q-002,pilot-v2-doc-pmfby-0001-4270154049cc,1,owner_regrade_agreement_seed42,
v2q-002-candidate-11,v2q-002,pilot-v2-doc-pmfby-0000-d9ad07736d66,2,owner_first_pass_unsampled_seed42,
v2q-002-candidate-12,v2q-002,pilot-v2-doc-pmfby-0004-25f813969307,1,owner_first_pass_unsampled_seed42,
v2q-002-candidate-13,v2q-002,pilot-v2-doc-pm-kmy-guidelines-0004-79b3bf95bb65,0,owner_first_pass_unsampled_seed42,
v2q-002-candidate-14,v2q-002,pilot-v2-doc-pmsby-0000-0f297846df39,0,owner_first_pass_unsampled_seed42,
v2q-002-candidate-15,v2q-002,pilot-v2-doc-apy-0002-66a5cc4017fb,0,owner_first_pass_unsampled_seed42,
v2q-002-candidate-16,v2q-002,pilot-v2-doc-pm-gkay-0000-c29b96f46a80,0,owner_first_pass_unsampled_seed42,
v2q-002-candidate-17,v2q-002,pilot-v2-doc-pm-kisan-guidelines-0012-a77da98de388,0,owner_first_pass_unsampled_seed42,
v2q-002-candidate-18,v2q-002,pilot-v2-doc-ab-pmjay-0003-1242266bb260,0,owner_first_pass_unsampled_seed42,
v2q-002-candidate-19,v2q-002,pilot-v2-doc-pm-kisan-guidelines-0000-bbe94f08550e,0,owner_first_pass_unsampled_seed42,
v2q-002-candidate-20,v2q-002,pilot-v2-doc-pm-kisan-guidelines-0001-5ad8f250b7e2,0,owner_first_pass_unsampled_seed42,
v2q-002-candidate-21,v2q-002,pilot-v2-doc-pm-kisan-guidelines-0005-7d487843ff7f,0,owner_first_pass_unsampled_seed42,
v2q-002-candidate-22,v2q-002,pilot-v2-doc-apy-0001-add48d27a4a2,0,owner_regrade_agreement_seed42,
v2q-002-candidate-23,v2q-002,pilot-v2-doc-apy-0003-68e7199c9d14,0,owner_first_pass_unsampled_seed42,
v2q-002-candidate-24,v2q-002,pilot-v2-doc-ab-pmjay-0001-a632a7205efc,0,owner_regrade_agreement_seed42,
v2q-002-candidate-25,v2q-002,pilot-v2-doc-apy-0000-c43dd88d7899,0,owner_first_pass_unsampled_seed42,
v2q-003-candidate-01,v2q-003,pilot-v2-doc-pmjdy-0001-95c3d046d79a,2,owner_first_pass_unsampled_seed42,
v2q-003-candidate-02,v2q-003,pilot-v2-doc-pmjdy-0002-8b8c40538d6e,1,owner_first_pass_unsampled_seed42,
v2q-003-candidate-03,v2q-003,pilot-v2-doc-pm-svanidhi-0001-e06d259b429d,0,owner_first_pass_unsampled_seed42,
v2q-003-candidate-04,v2q-003,pilot-v2-doc-pmkvy-sp-0002-dc58b95bab9b,0,owner_first_pass_unsampled_seed42,
v2q-003-candidate-05,v2q-003,pilot-v2-doc-pmkvy-rpl-0000-c98f315c1481,0,owner_first_pass_unsampled_seed42,
v2q-003-candidate-06,v2q-003,pilot-v2-doc-pmuy-0001-5fd4d0cd2135,0,owner_first_pass_unsampled_seed42,
v2q-003-candidate-07,v2q-003,pilot-v2-doc-pm-kmy-guidelines-0016-4c964e587f94,0,owner_first_pass_unsampled_seed42,
v2q-003-candidate-08,v2q-003,pilot-v2-doc-pmsby-0000-0f297846df39,0,owner_first_pass_unsampled_seed42,
v2q-003-candidate-09,v2q-003,pilot-v2-doc-pmfby-0000-d9ad07736d66,0,owner_first_pass_unsampled_seed42,
v2q-003-candidate-10,v2q-003,pilot-v2-doc-pmjdy-0000-8b241ec39723,2,owner_regrade_agreement_seed42,
v2q-003-candidate-11,v2q-003,pilot-v2-doc-pm-kmy-guidelines-0017-43ef720eda68,0,owner_first_pass_unsampled_seed42,
v2q-003-candidate-12,v2q-003,pilot-v2-doc-ab-pmjay-0001-a632a7205efc,0,owner_first_pass_unsampled_seed42,
v2q-003-candidate-13,v2q-003,pilot-v2-doc-pmegp-0003-43256e8e6645,0,owner_first_pass_unsampled_seed42,
v2q-003-candidate-14,v2q-003,pilot-v2-doc-pmjjby-0000-47f7bb620cd4,0,owner_first_pass_unsampled_seed42,
v2q-003-candidate-15,v2q-003,pilot-v2-doc-apy-0000-c43dd88d7899,0,owner_first_pass_unsampled_seed42,
v2q-003-candidate-16,v2q-003,pilot-v2-doc-pm-gkay-0000-c29b96f46a80,0,owner_first_pass_unsampled_seed42,
v2q-003-candidate-17,v2q-003,pilot-v2-doc-pm-kmy-guidelines-0020-27037b9fe8a1,0,owner_first_pass_unsampled_seed42,
v2q-003-candidate-18,v2q-003,pilot-v2-doc-pm-kmy-guidelines-0021-7ce201d9d183,0,owner_first_pass_unsampled_seed42,
v2q-003-candidate-19,v2q-003,pilot-v2-doc-pmmy-0000-70a89ee32765,0,owner_first_pass_unsampled_seed42,
v2q-003-candidate-20,v2q-003,pilot-v2-doc-ab-pmjay-0002-58c80bb24a6c,0,owner_regrade_agreement_seed42,
v2q-003-candidate-21,v2q-003,pilot-v2-doc-ab-pmjay-0003-1242266bb260,0,owner_first_pass_unsampled_seed42,
v2q-003-candidate-22,v2q-003,pilot-v2-doc-mgnrega-0002-bbbce5f319d4,0,owner_first_pass_unsampled_seed42,
v2q-003-candidate-23,v2q-003,pilot-v2-doc-mgnrega-0001-5203a455caa6,0,owner_first_pass_unsampled_seed42,
v2q-003-candidate-24,v2q-003,pilot-v2-doc-ab-pmjay-0000-94c82a474579,0,owner_regrade_agreement_seed42,
v2q-003-candidate-25,v2q-003,pilot-v2-doc-pm-kisan-guidelines-0000-bbe94f08550e,0,owner_first_pass_unsampled_seed42,
v2q-004-candidate-01,v2q-004,pilot-v2-doc-pmay-g-0001-db2db8af1543,0,owner_regrade_agreement_seed42,
v2q-004-candidate-02,v2q-004,pilot-v2-doc-pmegp-0004-80f46cce6893,0,owner_first_pass_unsampled_seed42,
v2q-004-candidate-03,v2q-004,pilot-v2-doc-pmmy-0001-6035d0d102e8,2,owner_first_pass_unsampled_seed42,
v2q-004-candidate-04,v2q-004,pilot-v2-doc-pmjdy-0000-8b241ec39723,0,owner_first_pass_unsampled_seed42,
v2q-004-candidate-05,v2q-004,pilot-v2-doc-pmegp-0000-7b958e1ec4b0,0,owner_first_pass_unsampled_seed42,
v2q-004-candidate-06,v2q-004,pilot-v2-doc-mgnrega-0002-bbbce5f319d4,0,owner_first_pass_unsampled_seed42,
v2q-004-candidate-07,v2q-004,pilot-v2-doc-pmegp-0003-43256e8e6645,0,owner_first_pass_unsampled_seed42,
v2q-004-candidate-08,v2q-004,pilot-v2-doc-pmegp-0001-f900b4f4f97a,0,owner_regrade_agreement_seed42,
v2q-004-candidate-09,v2q-004,pilot-v2-doc-pmmy-0000-70a89ee32765,2,owner_regrade_agreement_seed42,
v2q-004-candidate-10,v2q-004,pilot-v2-doc-pmegp-0002-f67d4c730011,0,owner_first_pass_unsampled_seed42,
v2q-004-candidate-11,v2q-004,pilot-v2-doc-pm-svanidhi-0000-f6024bb09ca5,0,owner_first_pass_unsampled_seed42,
v2q-004-candidate-12,v2q-004,pilot-v2-doc-apy-0000-c43dd88d7899,0,owner_first_pass_unsampled_seed42,
v2q-004-candidate-13,v2q-004,pilot-v2-doc-pm-gkay-0000-c29b96f46a80,0,owner_first_pass_unsampled_seed42,
v2q-004-candidate-14,v2q-004,pilot-v2-doc-pm-kmy-guidelines-0020-27037b9fe8a1,0,owner_first_pass_unsampled_seed42,
v2q-004-candidate-15,v2q-004,pilot-v2-doc-pm-kmy-guidelines-0021-7ce201d9d183,0,owner_first_pass_unsampled_seed42,
v2q-004-candidate-16,v2q-004,pilot-v2-doc-pm-kmy-guidelines-0022-e87f63954812,0,owner_first_pass_unsampled_seed42,
v2q-004-candidate-17,v2q-004,pilot-v2-doc-pmjjby-0000-47f7bb620cd4,0,owner_regrade_agreement_seed42,
v2q-004-candidate-18,v2q-004,pilot-v2-doc-pmsby-0000-0f297846df39,0,owner_first_pass_unsampled_seed42,
v2q-004-candidate-19,v2q-004,pilot-v2-doc-apy-0001-add48d27a4a2,0,owner_first_pass_unsampled_seed42,
v2q-004-candidate-20,v2q-004,pilot-v2-doc-pm-kisan-guidelines-0000-bbe94f08550e,0,owner_first_pass_unsampled_seed42,
v2q-004-candidate-21,v2q-004,pilot-v2-doc-pmmy-0002-526833661bcb,1,owner_first_pass_unsampled_seed42,
v2q-004-candidate-22,v2q-004,pilot-v2-doc-apy-0003-68e7199c9d14,0,owner_regrade_agreement_seed42,
v2q-004-candidate-23,v2q-004,pilot-v2-doc-apy-0002-66a5cc4017fb,0,owner_regrade_agreement_seed42,
v2q-004-candidate-24,v2q-004,pilot-v2-doc-pm-janman-0001-0deee4377b38,0,owner_first_pass_unsampled_seed42,
v2q-005-candidate-01,v2q-005,pilot-v2-doc-pmegp-0000-7b958e1ec4b0,0,owner_first_pass_unsampled_seed42,
v2q-005-candidate-02,v2q-005,pilot-v2-doc-pmjdy-0000-8b241ec39723,0,owner_first_pass_unsampled_seed42,
v2q-005-candidate-03,v2q-005,pilot-v2-doc-pm-kisan-guidelines-0014-ba6fddd38f9c,0,owner_regrade_agreement_seed42,
v2q-005-candidate-04,v2q-005,pilot-v2-doc-mgnrega-0001-5203a455caa6,2,owner_first_pass_unsampled_seed42,
v2q-005-candidate-05,v2q-005,pilot-v2-doc-pm-kmy-guidelines-0000-0582a8323d67,0,owner_first_pass_unsampled_seed42,
v2q-005-candidate-06,v2q-005,pilot-v2-doc-pmay-u-0001-b64fadc4bf6b,0,owner_first_pass_unsampled_seed42,
v2q-005-candidate-07,v2q-005,pilot-v2-doc-ab-pmjay-0001-a632a7205efc,0,owner_regrade_agreement_seed42,
v2q-005-candidate-08,v2q-005,pilot-v2-doc-mgnrega-0000-7e6d80b47566,2,owner_regrade_agreement_seed42,
v2q-005-candidate-09,v2q-005,pilot-v2-doc-mgnrega-0002-bbbce5f319d4,1,owner_first_pass_unsampled_seed42,
v2q-005-candidate-10,v2q-005,pilot-v2-doc-pmay-g-0001-db2db8af1543,0,owner_first_pass_unsampled_seed42,
v2q-005-candidate-11,v2q-005,pilot-v2-doc-pm-kisan-guidelines-0000-bbe94f08550e,0,owner_first_pass_unsampled_seed42,
v2q-005-candidate-12,v2q-005,pilot-v2-doc-pm-kmy-guidelines-0006-2652020c834e,0,owner_first_pass_unsampled_seed42,
v2q-005-candidate-13,v2q-005,pilot-v2-doc-pm-svanidhi-0001-e06d259b429d,0,owner_first_pass_unsampled_seed42,
v2q-005-candidate-14,v2q-005,pilot-v2-doc-mgnrega-0003-008750b5fc90,1,owner_first_pass_unsampled_seed42,
v2q-005-candidate-15,v2q-005,pilot-v2-doc-pm-kmy-guidelines-0001-5d83566dbb68,0,owner_first_pass_unsampled_seed42,
v2q-005-candidate-16,v2q-005,pilot-v2-doc-pmay-g-0006-d323213e3255,0,owner_first_pass_unsampled_seed42,
v2q-005-candidate-17,v2q-005,pilot-v2-doc-ab-pmjay-0002-58c80bb24a6c,0,owner_first_pass_unsampled_seed42,
v2q-005-candidate-18,v2q-005,pilot-v2-doc-ab-pmjay-0003-1242266bb260,0,owner_regrade_agreement_seed42,
v2q-005-candidate-19,v2q-005,pilot-v2-doc-pm-kisan-guidelines-0005-7d487843ff7f,0,owner_first_pass_unsampled_seed42,
v2q-005-candidate-20,v2q-005,pilot-v2-doc-pm-kisan-guidelines-0012-a77da98de388,0,owner_first_pass_unsampled_seed42,
v2q-005-candidate-21,v2q-005,pilot-v2-doc-pmuy-0001-5fd4d0cd2135,0,owner_first_pass_unsampled_seed42,
v2q-005-candidate-22,v2q-005,pilot-v2-doc-pm-gkay-0001-ccd31e120258,0,owner_first_pass_unsampled_seed42,
v2q-005-candidate-23,v2q-005,pilot-v2-doc-ab-pmjay-0000-94c82a474579,0,owner_first_pass_unsampled_seed42,
v2q-005-candidate-24,v2q-005,pilot-v2-doc-apy-0000-c43dd88d7899,0,owner_first_pass_unsampled_seed42,
v2q-006-candidate-01,v2q-006,pilot-v2-doc-pmjdy-0000-8b241ec39723,0,owner_first_pass_unsampled_seed42,
v2q-006-candidate-02,v2q-006,pilot-v2-doc-ab-pmjay-0000-94c82a474579,2,owner_first_pass_unsampled_seed42,
v2q-006-candidate-03,v2q-006,pilot-v2-doc-ab-pmjay-0003-1242266bb260,1,owner_first_pass_unsampled_seed42,
v2q-006-candidate-04,v2q-006,pilot-v2-doc-pmay-u-0001-b64fadc4bf6b,0,owner_first_pass_unsampled_seed42,
v2q-006-candidate-05,v2q-006,pilot-v2-doc-pmkvy-stt-0001-ea2787dec4e8,0,owner_first_pass_unsampled_seed42,
v2q-006-candidate-06,v2q-006,pilot-v2-doc-pmjjby-0000-47f7bb620cd4,0,owner_first_pass_unsampled_seed42,
v2q-006-candidate-07,v2q-006,pilot-v2-doc-pmegp-0003-43256e8e6645,0,owner_regrade_agreement_seed42,
v2q-006-candidate-08,v2q-006,pilot-v2-doc-ab-pmjay-0002-58c80bb24a6c,1,owner_first_pass_unsampled_seed42,
v2q-006-candidate-09,v2q-006,pilot-v2-doc-pm-kisan-guidelines-0004-b4ff0a728aa0,0,owner_first_pass_unsampled_seed42,
v2q-006-candidate-10,v2q-006,pilot-v2-doc-pmay-u-0000-0b5e95b2690a,0,owner_first_pass_unsampled_seed42,
v2q-006-candidate-11,v2q-006,pilot-v2-doc-pm-kisan-guidelines-0003-8f87fe11bcaf,0,owner_first_pass_unsampled_seed42,
v2q-006-candidate-12,v2q-006,pilot-v2-doc-pmay-g-0001-db2db8af1543,0,owner_first_pass_unsampled_seed42,
v2q-006-candidate-13,v2q-006,pilot-v2-doc-ab-pmjay-0001-a632a7205efc,2,owner_first_pass_unsampled_seed42,
v2q-006-candidate-14,v2q-006,pilot-v2-doc-pmsby-0000-0f297846df39,0,owner_first_pass_unsampled_seed42,
v2q-006-candidate-15,v2q-006,pilot-v2-doc-ab-pmjay-0004-2e5074722cd7,1,owner_first_pass_unsampled_seed42,
v2q-006-candidate-16,v2q-006,pilot-v2-doc-mgnrega-0001-5203a455caa6,0,owner_first_pass_unsampled_seed42,
v2q-006-candidate-17,v2q-006,pilot-v2-doc-mgnrega-0002-bbbce5f319d4,0,owner_first_pass_unsampled_seed42,
v2q-006-candidate-18,v2q-006,pilot-v2-doc-mgnrega-0003-008750b5fc90,0,owner_first_pass_unsampled_seed42,
v2q-006-candidate-19,v2q-006,pilot-v2-doc-pm-kisan-guidelines-0007-38a7fcb29c5d,0,owner_first_pass_unsampled_seed42,
v2q-006-candidate-20,v2q-006,pilot-v2-doc-pm-kisan-guidelines-0012-a77da98de388,0,owner_first_pass_unsampled_seed42,
v2q-006-candidate-21,v2q-006,pilot-v2-doc-pmuy-0001-5fd4d0cd2135,0,owner_first_pass_unsampled_seed42,
v2q-006-candidate-22,v2q-006,pilot-v2-doc-pmay-g-0000-d4162175877d,0,owner_regrade_agreement_seed42,
v2q-006-candidate-23,v2q-006,pilot-v2-doc-pmuy2-0001-065bd619e9c6,0,owner_first_pass_unsampled_seed42,
v2q-006-candidate-24,v2q-006,pilot-v2-doc-mgnrega-0000-7e6d80b47566,0,owner_first_pass_unsampled_seed42,
v2q-006-candidate-25,v2q-006,pilot-v2-doc-pm-gkay-0000-c29b96f46a80,0,owner_first_pass_unsampled_seed42,
v2q-006-candidate-26,v2q-006,pilot-v2-doc-pm-gkay-0001-ccd31e120258,0,owner_regrade_agreement_seed42,
v2q-006-candidate-27,v2q-006,pilot-v2-doc-pm-gkay-0002-9e804cd883e8,0,owner_first_pass_unsampled_seed42,
v2q-006-candidate-28,v2q-006,pilot-v2-doc-pm-janman-0002-d0844e3327b6,0,owner_first_pass_unsampled_seed42,
v2q-007-candidate-01,v2q-007,pilot-v2-doc-pmfby-0001-4270154049cc,0,owner_first_pass_unsampled_seed42,
v2q-007-candidate-02,v2q-007,pilot-v2-doc-pmfby-0003-5aa41e0f864d,0,owner_first_pass_unsampled_seed42,
v2q-007-candidate-03,v2q-007,pilot-v2-doc-pmsby-0000-0f297846df39,1,owner_first_pass_unsampled_seed42,
v2q-007-candidate-04,v2q-007,pilot-v2-doc-ab-pmjay-0001-a632a7205efc,0,owner_first_pass_unsampled_seed42,
v2q-007-candidate-05,v2q-007,pilot-v2-doc-ab-pmjay-0000-94c82a474579,0,owner_first_pass_unsampled_seed42,
v2q-007-candidate-06,v2q-007,pilot-v2-doc-pmjjby-0000-47f7bb620cd4,2,owner_first_pass_unsampled_seed42,
v2q-007-candidate-07,v2q-007,pilot-v2-doc-pmsby-0001-8851a01ce006,1,owner_first_pass_unsampled_seed42,
v2q-007-candidate-08,v2q-007,pilot-v2-doc-pmjdy-0001-95c3d046d79a,0,owner_first_pass_unsampled_seed42,
v2q-007-candidate-09,v2q-007,pilot-v2-doc-pm-kmy-guidelines-0002-ae644e1f8c00,0,owner_first_pass_unsampled_seed42,
v2q-007-candidate-10,v2q-007,pilot-v2-doc-pm-kmy-guidelines-0004-79b3bf95bb65,0,owner_first_pass_unsampled_seed42,
v2q-007-candidate-11,v2q-007,pilot-v2-doc-pm-kmy-guidelines-0018-67494b680dda,0,owner_regrade_agreement_seed42,
v2q-007-candidate-12,v2q-007,pilot-v2-doc-pm-kisan-guidelines-0010-3f4cd01daefd,0,owner_first_pass_unsampled_seed42,
v2q-007-candidate-13,v2q-007,pilot-v2-doc-pm-kmy-guidelines-0001-5d83566dbb68,0,owner_first_pass_unsampled_seed42,
v2q-007-candidate-14,v2q-007,pilot-v2-doc-pmjdy-0000-8b241ec39723,0,owner_first_pass_unsampled_seed42,
v2q-007-candidate-15,v2q-007,pilot-v2-doc-pmfby-0000-d9ad07736d66,0,owner_regrade_agreement_seed42,
v2q-007-candidate-16,v2q-007,pilot-v2-doc-pm-kmy-guidelines-0003-30d7d7a0db81,0,owner_first_pass_unsampled_seed42,
v2q-007-candidate-17,v2q-007,pilot-v2-doc-apy-0000-c43dd88d7899,0,owner_first_pass_unsampled_seed42,
v2q-007-candidate-18,v2q-007,pilot-v2-doc-pm-gkay-0000-c29b96f46a80,0,owner_regrade_agreement_seed42,
v2q-007-candidate-19,v2q-007,pilot-v2-doc-pm-kmy-guidelines-0020-27037b9fe8a1,0,owner_regrade_agreement_seed42,
v2q-007-candidate-20,v2q-007,pilot-v2-doc-pm-kmy-guidelines-0021-7ce201d9d183,0,owner_first_pass_unsampled_seed42,
v2q-007-candidate-21,v2q-007,pilot-v2-doc-pmmy-0000-70a89ee32765,0,owner_first_pass_unsampled_seed42,
v2q-007-candidate-22,v2q-007,pilot-v2-doc-mgnrega-0003-008750b5fc90,0,owner_first_pass_unsampled_seed42,
v2q-007-candidate-23,v2q-007,pilot-v2-doc-apy-0003-68e7199c9d14,0,owner_first_pass_unsampled_seed42,
v2q-007-candidate-24,v2q-007,pilot-v2-doc-apy-0002-66a5cc4017fb,0,owner_first_pass_unsampled_seed42,
v2q-007-candidate-25,v2q-007,pilot-v2-doc-pm-janman-0000-69ac65d10edc,0,owner_first_pass_unsampled_seed42,
v2q-007-candidate-26,v2q-007,pilot-v2-doc-mgnrega-0001-5203a455caa6,0,owner_first_pass_unsampled_seed42,
v2q-007-candidate-27,v2q-007,pilot-v2-doc-ab-pmjay-0003-1242266bb260,0,owner_regrade_agreement_seed42,
v2q-007-candidate-28,v2q-007,pilot-v2-doc-ab-pmjay-0004-2e5074722cd7,0,owner_first_pass_unsampled_seed42,
v2q-008-candidate-01,v2q-008,pilot-v2-doc-pm-kisan-guidelines-0010-3f4cd01daefd,0,owner_first_pass_unsampled_seed42,
v2q-008-candidate-02,v2q-008,pilot-v2-doc-pmkvy-stt-0001-ea2787dec4e8,0,owner_first_pass_unsampled_seed42,
v2q-008-candidate-03,v2q-008,pilot-v2-doc-ab-pmjay-0000-94c82a474579,0,owner_first_pass_unsampled_seed42,
v2q-008-candidate-04,v2q-008,pilot-v2-doc-pmsby-0000-0f297846df39,2,owner_first_pass_unsampled_seed42,
v2q-008-candidate-05,v2q-008,pilot-v2-doc-pmsby-0001-8851a01ce006,1,owner_first_pass_unsampled_seed42,
v2q-008-candidate-06,v2q-008,pilot-v2-doc-pmjdy-0001-95c3d046d79a,0,owner_first_pass_unsampled_seed42,
v2q-008-candidate-07,v2q-008,pilot-v2-doc-pmjjby-0000-47f7bb620cd4,0,owner_first_pass_unsampled_seed42,
v2q-008-candidate-08,v2q-008,pilot-v2-doc-pmkvy-sp-0003-738795a9ef96,0,owner_first_pass_unsampled_seed42,
v2q-008-candidate-09,v2q-008,pilot-v2-doc-pmfby-0001-4270154049cc,0,owner_first_pass_unsampled_seed42,
v2q-008-candidate-10,v2q-008,pilot-v2-doc-pmkvy-rpl-0003-9425f5b8529a,0,owner_first_pass_unsampled_seed42,
v2q-008-candidate-11,v2q-008,pilot-v2-doc-pmegp-0003-43256e8e6645,0,owner_first_pass_unsampled_seed42,
v2q-008-candidate-12,v2q-008,pilot-v2-doc-ab-pmjay-0001-a632a7205efc,0,owner_first_pass_unsampled_seed42,
v2q-008-candidate-13,v2q-008,pilot-v2-doc-pmfby-0000-d9ad07736d66,0,owner_first_pass_unsampled_seed42,
v2q-008-candidate-14,v2q-008,pilot-v2-doc-pmfby-0004-25f813969307,0,owner_first_pass_unsampled_seed42,
v2q-008-candidate-15,v2q-008,pilot-v2-doc-apy-0000-c43dd88d7899,0,owner_first_pass_unsampled_seed42,
v2q-008-candidate-16,v2q-008,pilot-v2-doc-pm-gkay-0000-c29b96f46a80,0,owner_first_pass_unsampled_seed42,
v2q-008-candidate-17,v2q-008,pilot-v2-doc-pm-kmy-guidelines-0020-27037b9fe8a1,0,owner_first_pass_unsampled_seed42,
v2q-008-candidate-18,v2q-008,pilot-v2-doc-pm-kmy-guidelines-0021-7ce201d9d183,0,owner_first_pass_unsampled_seed42,
v2q-008-candidate-19,v2q-008,pilot-v2-doc-pmjdy-0000-8b241ec39723,0,owner_first_pass_unsampled_seed42,
v2q-008-candidate-20,v2q-008,pilot-v2-doc-pmmy-0000-70a89ee32765,0,owner_regrade_agreement_seed42,
v2q-008-candidate-21,v2q-008,pilot-v2-doc-apy-0002-66a5cc4017fb,0,owner_first_pass_unsampled_seed42,
v2q-008-candidate-22,v2q-008,pilot-v2-doc-ab-pmjay-0003-1242266bb260,0,owner_first_pass_unsampled_seed42,
v2q-008-candidate-23,v2q-008,pilot-v2-doc-pm-kisan-guidelines-0006-11a173d99b65,0,owner_first_pass_unsampled_seed42,
v2q-008-candidate-24,v2q-008,pilot-v2-doc-pm-janman-0000-69ac65d10edc,0,owner_first_pass_unsampled_seed42,
v2q-008-candidate-25,v2q-008,pilot-v2-doc-pm-kisan-guidelines-0000-bbe94f08550e,0,owner_first_pass_unsampled_seed42,
v2q-008-candidate-26,v2q-008,pilot-v2-doc-mgnrega-0001-5203a455caa6,0,owner_first_pass_unsampled_seed42,
v2q-009-candidate-01,v2q-009,pilot-v2-doc-pm-kmy-guidelines-0002-ae644e1f8c00,0,owner_regrade_agreement_seed42,
v2q-009-candidate-02,v2q-009,pilot-v2-doc-pm-kmy-guidelines-0000-0582a8323d67,0,owner_first_pass_unsampled_seed42,
v2q-009-candidate-03,v2q-009,pilot-v2-doc-apy-0000-c43dd88d7899,2,owner_first_pass_unsampled_seed42,
v2q-009-candidate-04,v2q-009,pilot-v2-doc-apy-0001-add48d27a4a2,2,owner_first_pass_unsampled_seed42,
v2q-009-candidate-05,v2q-009,pilot-v2-doc-pmsby-0000-0f297846df39,0,owner_first_pass_unsampled_seed42,
v2q-009-candidate-06,v2q-009,pilot-v2-doc-pm-kmy-guidelines-0016-4c964e587f94,0,owner_first_pass_unsampled_seed42,
v2q-009-candidate-07,v2q-009,pilot-v2-doc-pm-kmy-guidelines-0006-2652020c834e,0,owner_first_pass_unsampled_seed42,
v2q-009-candidate-08,v2q-009,pilot-v2-doc-pm-kmy-guidelines-0001-5d83566dbb68,0,owner_first_pass_unsampled_seed42,
v2q-009-candidate-09,v2q-009,pilot-v2-doc-pm-kisan-guidelines-0001-5ad8f250b7e2,0,owner_first_pass_unsampled_seed42,
v2q-009-candidate-10,v2q-009,pilot-v2-doc-pm-kmy-guidelines-0007-64fd9c6362ca,0,owner_first_pass_unsampled_seed42,
v2q-009-candidate-11,v2q-009,pilot-v2-doc-pm-kmy-guidelines-0005-1b88dfec836a,0,owner_first_pass_unsampled_seed42,
v2q-009-candidate-12,v2q-009,pilot-v2-doc-apy-0003-68e7199c9d14,1,owner_regrade_agreement_seed42,
v2q-009-candidate-13,v2q-009,pilot-v2-doc-apy-0002-66a5cc4017fb,1,owner_first_pass_unsampled_seed42,
v2q-009-candidate-14,v2q-009,pilot-v2-doc-pm-gkay-0000-c29b96f46a80,0,owner_regrade_agreement_seed42,
v2q-009-candidate-15,v2q-009,pilot-v2-doc-pm-kmy-guidelines-0020-27037b9fe8a1,0,owner_regrade_agreement_seed42,
v2q-009-candidate-16,v2q-009,pilot-v2-doc-pm-kmy-guidelines-0021-7ce201d9d183,0,owner_first_pass_unsampled_seed42,
v2q-009-candidate-17,v2q-009,pilot-v2-doc-pmjdy-0000-8b241ec39723,0,owner_first_pass_unsampled_seed42,
v2q-009-candidate-18,v2q-009,pilot-v2-doc-pmjjby-0000-47f7bb620cd4,0,owner_regrade_agreement_seed42,
v2q-009-candidate-19,v2q-009,pilot-v2-doc-pmmy-0000-70a89ee32765,0,owner_first_pass_unsampled_seed42,
v2q-009-candidate-20,v2q-009,pilot-v2-doc-ab-pmjay-0002-58c80bb24a6c,0,owner_first_pass_unsampled_seed42,
v2q-009-candidate-21,v2q-009,pilot-v2-doc-mgnrega-0002-bbbce5f319d4,0,owner_regrade_agreement_seed42,
v2q-009-candidate-22,v2q-009,pilot-v2-doc-mgnrega-0000-7e6d80b47566,0,owner_regrade_agreement_seed42,
v2q-009-candidate-23,v2q-009,pilot-v2-doc-ab-pmjay-0001-a632a7205efc,0,owner_regrade_agreement_seed42,
v2q-009-candidate-24,v2q-009,pilot-v2-doc-mgnrega-0001-5203a455caa6,0,owner_first_pass_unsampled_seed42,
v2q-009-candidate-25,v2q-009,pilot-v2-doc-ab-pmjay-0003-1242266bb260,0,owner_first_pass_unsampled_seed42,
v2q-010-candidate-01,v2q-010,pilot-v2-doc-pmfby-0000-d9ad07736d66,0,owner_regrade_agreement_seed42,
v2q-010-candidate-02,v2q-010,pilot-v2-doc-pm-kmy-guidelines-0005-1b88dfec836a,0,owner_first_pass_unsampled_seed42,
v2q-010-candidate-03,v2q-010,pilot-v2-doc-pm-poshan-0000-7be831685336,2,owner_first_pass_unsampled_seed42,
v2q-010-candidate-04,v2q-010,pilot-v2-doc-pm-kmy-guidelines-0003-30d7d7a0db81,0,owner_first_pass_unsampled_seed42,
v2q-010-candidate-05,v2q-010,pilot-v2-doc-pm-kmy-guidelines-0000-0582a8323d67,0,owner_first_pass_unsampled_seed42,
v2q-010-candidate-06,v2q-010,pilot-v2-doc-pm-kmy-guidelines-0019-2d8ab840045f,0,owner_regrade_agreement_seed42,
v2q-010-candidate-07,v2q-010,pilot-v2-doc-pm-kisan-guidelines-0001-5ad8f250b7e2,0,owner_regrade_agreement_seed42,
v2q-010-candidate-08,v2q-010,pilot-v2-doc-pmfby-0003-5aa41e0f864d,0,owner_first_pass_unsampled_seed42,
v2q-010-candidate-09,v2q-010,pilot-v2-doc-pm-kmy-guidelines-0004-79b3bf95bb65,0,owner_first_pass_unsampled_seed42,
v2q-010-candidate-10,v2q-010,pilot-v2-doc-pmay-g-0000-d4162175877d,0,owner_first_pass_unsampled_seed42,
v2q-010-candidate-11,v2q-010,pilot-v2-doc-pm-poshan-0001-f1d73701c602,2,owner_regrade_agreement_seed42,
v2q-010-candidate-12,v2q-010,pilot-v2-doc-pmuy-0000-ad06c0c09d46,0,owner_first_pass_unsampled_seed42,
v2q-010-candidate-13,v2q-010,pilot-v2-doc-pm-gkay-0000-c29b96f46a80,0,owner_first_pass_unsampled_seed42,
v2q-010-candidate-14,v2q-010,pilot-v2-doc-ab-pmjay-0000-94c82a474579,0,owner_first_pass_unsampled_seed42,
v2q-010-candidate-15,v2q-010,pilot-v2-doc-pmay-u-0000-0b5e95b2690a,0,owner_first_pass_unsampled_seed42,
v2q-010-candidate-16,v2q-010,pilot-v2-doc-pm-kisan-guidelines-0000-bbe94f08550e,0,owner_first_pass_unsampled_seed42,
v2q-010-candidate-17,v2q-010,pilot-v2-doc-apy-0003-68e7199c9d14,0,owner_first_pass_unsampled_seed42,
v2q-010-candidate-18,v2q-010,pilot-v2-doc-pm-janman-0000-69ac65d10edc,0,owner_first_pass_unsampled_seed42,
v2q-010-candidate-19,v2q-010,pilot-v2-doc-ab-pmjay-0003-1242266bb260,0,owner_first_pass_unsampled_seed42,
v2q-010-candidate-20,v2q-010,pilot-v2-doc-mgnrega-0000-7e6d80b47566,0,owner_first_pass_unsampled_seed42,
v2q-010-candidate-21,v2q-010,pilot-v2-doc-ab-pmjay-0001-a632a7205efc,0,owner_first_pass_unsampled_seed42,
v2q-011-candidate-01,v2q-011,pilot-v2-doc-pm-kisan-guidelines-0003-8f87fe11bcaf,0,owner_first_pass_unsampled_seed42,
v2q-011-candidate-02,v2q-011,pilot-v2-doc-pm-kmy-guidelines-0004-79b3bf95bb65,0,owner_regrade_agreement_seed42,
v2q-011-candidate-03,v2q-011,pilot-v2-doc-pmmy-0000-70a89ee32765,0,owner_first_pass_unsampled_seed42,
v2q-011-candidate-04,v2q-011,pilot-v2-doc-pmjdy-0000-8b241ec39723,0,owner_regrade_agreement_seed42,
v2q-011-candidate-05,v2q-011,pilot-v2-doc-pm-kisan-guidelines-0004-b4ff0a728aa0,0,owner_first_pass_unsampled_seed42,
v2q-011-candidate-06,v2q-011,pilot-v2-doc-pm-janman-0001-0deee4377b38,2,owner_first_pass_unsampled_seed42,
v2q-011-candidate-07,v2q-011,pilot-v2-doc-pm-janman-0000-69ac65d10edc,2,owner_first_pass_unsampled_seed42,
v2q-011-candidate-08,v2q-011,pilot-v2-doc-pmegp-0003-43256e8e6645,0,owner_first_pass_unsampled_seed42,
v2q-011-candidate-09,v2q-011,pilot-v2-doc-pm-kisan-guidelines-0001-5ad8f250b7e2,0,owner_first_pass_unsampled_seed42,
v2q-011-candidate-10,v2q-011,pilot-v2-doc-pm-janman-0002-d0844e3327b6,2,owner_first_pass_unsampled_seed42,
v2q-011-candidate-11,v2q-011,pilot-v2-doc-pm-kisan-guidelines-0009-4b2b66f9fbc9,0,owner_first_pass_unsampled_seed42,
v2q-011-candidate-12,v2q-011,pilot-v2-doc-pmjdy-0001-95c3d046d79a,0,owner_first_pass_unsampled_seed42,
v2q-011-candidate-13,v2q-011,pilot-v2-doc-ab-pmjay-0003-1242266bb260,0,owner_first_pass_unsampled_seed42,
v2q-011-candidate-14,v2q-011,pilot-v2-doc-pmegp-0000-7b958e1ec4b0,0,owner_first_pass_unsampled_seed42,
v2q-011-candidate-15,v2q-011,pilot-v2-doc-pm-svanidhi-0000-f6024bb09ca5,0,owner_first_pass_unsampled_seed42,
v2q-011-candidate-16,v2q-011,pilot-v2-doc-ab-pmjay-0000-94c82a474579,0,owner_first_pass_unsampled_seed42,
v2q-011-candidate-17,v2q-011,pilot-v2-doc-pm-kisan-guidelines-0000-bbe94f08550e,0,owner_first_pass_unsampled_seed42,
v2q-011-candidate-18,v2q-011,pilot-v2-doc-mgnrega-0001-5203a455caa6,0,owner_first_pass_unsampled_seed42,
v2q-011-candidate-19,v2q-011,pilot-v2-doc-ab-pmjay-0001-a632a7205efc,0,owner_first_pass_unsampled_seed42,
v2q-012-candidate-01,v2q-012,pilot-v2-doc-pm-kmy-guidelines-0002-ae644e1f8c00,0,owner_first_pass_unsampled_seed42,
v2q-012-candidate-02,v2q-012,pilot-v2-doc-pm-kmy-guidelines-0004-79b3bf95bb65,0,owner_first_pass_unsampled_seed42,
v2q-012-candidate-03,v2q-012,pilot-v2-doc-pm-kisan-guidelines-0005-7d487843ff7f,0,owner_regrade_agreement_seed42,
v2q-012-candidate-04,v2q-012,pilot-v2-doc-ab-pmjay-0003-1242266bb260,0,owner_regrade_agreement_seed42,
v2q-012-candidate-05,v2q-012,pilot-v2-doc-pm-kmy-guidelines-0000-0582a8323d67,0,owner_first_pass_unsampled_seed42,
v2q-012-candidate-06,v2q-012,pilot-v2-doc-pmegp-0003-43256e8e6645,0,owner_regrade_agreement_seed42,
v2q-012-candidate-07,v2q-012,pilot-v2-doc-pm-kmy-guidelines-0007-64fd9c6362ca,0,owner_regrade_agreement_seed42,
v2q-012-candidate-08,v2q-012,pilot-v2-doc-pm-kisan-guidelines-0000-bbe94f08550e,0,owner_first_pass_unsampled_seed42,
v2q-012-candidate-09,v2q-012,pilot-v2-doc-pm-svanidhi-0000-f6024bb09ca5,2,owner_regrade_agreement_seed42,
v2q-012-candidate-10,v2q-012,pilot-v2-doc-pm-kisan-guidelines-0001-5ad8f250b7e2,0,owner_first_pass_unsampled_seed42,
v2q-012-candidate-11,v2q-012,pilot-v2-doc-pm-janman-0000-69ac65d10edc,0,owner_first_pass_unsampled_seed42,
v2q-012-candidate-12,v2q-012,pilot-v2-doc-pmmy-0001-6035d0d102e8,0,owner_first_pass_unsampled_seed42,
v2q-012-candidate-13,v2q-012,pilot-v2-doc-pm-janman-0002-d0844e3327b6,0,owner_first_pass_unsampled_seed42,
v2q-012-candidate-14,v2q-012,pilot-v2-doc-pmay-u-0001-b64fadc4bf6b,0,owner_regrade_agreement_seed42,
v2q-012-candidate-15,v2q-012,pilot-v2-doc-pm-kmy-guidelines-0003-30d7d7a0db81,0,owner_first_pass_unsampled_seed42,
v2q-012-candidate-16,v2q-012,pilot-v2-doc-pm-svanidhi-0001-e06d259b429d,2,owner_first_pass_unsampled_seed42,
v2q-012-candidate-17,v2q-012,pilot-v2-doc-pm-svanidhi-0002-280acc14217b,1,owner_adjudication_seed42,"The chunk identifies the intended beneficiaries as street vendors and provides eligibility/application details. However, it does not explicitly state that PM SVANidhi stands for PM Street Vendor's AtmaNirbhar Nidhi, which is a required part of the question. Therefore, the response follows the correct scheme but omits one requested fact, supporting Grade 1."
v2q-012-candidate-18,v2q-012,pilot-v2-doc-pmay-g-0000-d4162175877d,0,owner_first_pass_unsampled_seed42,
v2q-012-candidate-19,v2q-012,pilot-v2-doc-pmay-g-0001-db2db8af1543,0,owner_first_pass_unsampled_seed42,
v2q-012-candidate-20,v2q-012,pilot-v2-doc-pmay-u-0000-0b5e95b2690a,0,owner_first_pass_unsampled_seed42,
v2q-012-candidate-21,v2q-012,pilot-v2-doc-ab-pmjay-0001-a632a7205efc,0,owner_first_pass_unsampled_seed42,
v2q-012-candidate-22,v2q-012,pilot-v2-doc-pm-janman-0001-0deee4377b38,0,owner_first_pass_unsampled_seed42,
v2q-012-candidate-23,v2q-012,pilot-v2-doc-ab-pmjay-0000-94c82a474579,0,owner_first_pass_unsampled_seed42,
v2q-012-candidate-24,v2q-012,pilot-v2-doc-ab-pmjay-0002-58c80bb24a6c,0,owner_first_pass_unsampled_seed42,
v2q-012-candidate-25,v2q-012,pilot-v2-doc-apy-0000-c43dd88d7899,0,owner_first_pass_unsampled_seed42,
v2q-012-candidate-26,v2q-012,pilot-v2-doc-mgnrega-0001-5203a455caa6,0,owner_first_pass_unsampled_seed42,
v2q-013-candidate-01,v2q-013,pilot-v2-doc-pmay-g-0004-f8ee90715c3f,0,owner_first_pass_unsampled_seed42,PMAY-G SC/ST coverage and 15% fund earmark for minorities (SECC 2011 Wait List) — wrong scheme for v2q-013 PMUY/LPG question; downgrade to 0.
v2q-013-candidate-02,v2q-013,pilot-v2-doc-pmfby-0002-5c46025b568d,0,owner_first_pass_unsampled_seed42,
v2q-013-candidate-03,v2q-013,pilot-v2-doc-apy-0000-c43dd88d7899,0,owner_regrade_agreement_seed42,
v2q-013-candidate-04,v2q-013,pilot-v2-doc-pmay-g-0002-e08c1e347071,1,owner_first_pass_unsampled_seed42,
v2q-013-candidate-05,v2q-013,pilot-v2-doc-pmay-g-0005-c6e2fcfefcd0,0,owner_first_pass_unsampled_seed42,"PMAY-G priority-beneficiary category list (leprosy/cancer, single girl child, ST) — wrong scheme entirely for v2q-013 which asks about PMUY/LPG; downgrade to 0."
v2q-013-candidate-06,v2q-013,pilot-v2-doc-pmuy-0001-5fd4d0cd2135,2,owner_first_pass_unsampled_seed42,
v2q-013-candidate-07,v2q-013,pilot-v2-doc-pmay-u-0001-b64fadc4bf6b,0,owner_regrade_agreement_seed42,
v2q-013-candidate-08,v2q-013,pilot-v2-doc-pmuy2-0000-95fa2d4e3b3f,2,owner_first_pass_unsampled_seed42,
v2q-013-candidate-09,v2q-013,pilot-v2-doc-pmegp-0004-80f46cce6893,0,owner_first_pass_unsampled_seed42,
v2q-013-candidate-10,v2q-013,pilot-v2-doc-pmuy2-0002-61d762b2cd43,2,owner_first_pass_unsampled_seed42,
v2q-013-candidate-11,v2q-013,pilot-v2-doc-pm-janman-0002-d0844e3327b6,0,owner_first_pass_unsampled_seed42,
v2q-013-candidate-12,v2q-013,pilot-v2-doc-pmay-g-0000-d4162175877d,0,owner_first_pass_unsampled_seed42,"PMAY-G title/introduction (launch date 1 April 2016, MoRD) — wrong scheme for v2q-013 PMUY/LPG question; downgrade to 0."
v2q-013-candidate-13,v2q-013,pilot-v2-doc-pmuy-0000-ad06c0c09d46,2,owner_first_pass_unsampled_seed42,
v2q-013-candidate-14,v2q-013,pilot-v2-doc-pmay-g-0001-db2db8af1543,1,owner_first_pass_unsampled_seed42,
v2q-013-candidate-15,v2q-013,pilot-v2-doc-ab-pmjay-0001-a632a7205efc,0,owner_first_pass_unsampled_seed42,
v2q-013-candidate-16,v2q-013,pilot-v2-doc-ab-pmjay-0000-94c82a474579,0,owner_first_pass_unsampled_seed42,
v2q-013-candidate-17,v2q-013,pilot-v2-doc-pmuy2-0001-065bd619e9c6,2,owner_first_pass_unsampled_seed42,
v2q-013-candidate-18,v2q-013,pilot-v2-doc-apy-0001-add48d27a4a2,0,owner_first_pass_unsampled_seed42,
v2q-013-candidate-19,v2q-013,pilot-v2-doc-ab-pmjay-0002-58c80bb24a6c,0,owner_first_pass_unsampled_seed42,
v2q-014-candidate-01,v2q-014,pilot-v2-doc-pm-gkay-0000-c29b96f46a80,2,owner_first_pass_unsampled_seed42,
v2q-014-candidate-02,v2q-014,pilot-v2-doc-pmegp-0003-43256e8e6645,0,owner_first_pass_unsampled_seed42,
v2q-014-candidate-03,v2q-014,pilot-v2-doc-pmay-g-0003-2769023a3f73,0,owner_first_pass_unsampled_seed42,
v2q-014-candidate-04,v2q-014,pilot-v2-doc-pmay-u-0000-0b5e95b2690a,0,owner_first_pass_unsampled_seed42,
v2q-014-candidate-05,v2q-014,pilot-v2-doc-pm-gkay-0001-ccd31e120258,2,owner_first_pass_unsampled_seed42,
v2q-014-candidate-06,v2q-014,pilot-v2-doc-pm-kmy-guidelines-0006-2652020c834e,0,owner_first_pass_unsampled_seed42,
v2q-014-candidate-07,v2q-014,pilot-v2-doc-pmuy-0000-ad06c0c09d46,0,owner_first_pass_unsampled_seed42,
v2q-014-candidate-08,v2q-014,pilot-v2-doc-pm-kisan-guidelines-0000-bbe94f08550e,0,owner_first_pass_unsampled_seed42,
v2q-014-candidate-09,v2q-014,pilot-v2-doc-pm-poshan-0000-7be831685336,0,owner_first_pass_unsampled_seed42,
v2q-014-candidate-10,v2q-014,pilot-v2-doc-pmegp-0000-7b958e1ec4b0,0,owner_regrade_agreement_seed42,
v2q-014-candidate-11,v2q-014,pilot-v2-doc-pmuy-0001-5fd4d0cd2135,0,owner_regrade_agreement_seed42,
v2q-014-candidate-12,v2q-014,pilot-v2-doc-pm-gkay-0002-9e804cd883e8,1,owner_first_pass_unsampled_seed42,
v2q-014-candidate-13,v2q-014,pilot-v2-doc-pmay-g-0002-e08c1e347071,0,owner_first_pass_unsampled_seed42,
v2q-014-candidate-14,v2q-014,pilot-v2-doc-pm-poshan-0001-f1d73701c602,0,owner_first_pass_unsampled_seed42,
v2q-014-candidate-15,v2q-014,pilot-v2-doc-pmay-g-0004-f8ee90715c3f,0,owner_first_pass_unsampled_seed42,
v2q-014-candidate-16,v2q-014,pilot-v2-doc-pm-kmy-guidelines-0000-0582a8323d67,0,owner_first_pass_unsampled_seed42,
v2q-014-candidate-17,v2q-014,pilot-v2-doc-ab-pmjay-0003-1242266bb260,0,owner_first_pass_unsampled_seed42,
v2q-014-candidate-18,v2q-014,pilot-v2-doc-ab-pmjay-0000-94c82a474579,0,owner_first_pass_unsampled_seed42,
v2q-014-candidate-19,v2q-014,pilot-v2-doc-ab-pmjay-0002-58c80bb24a6c,0,owner_first_pass_unsampled_seed42,
v2q-014-candidate-20,v2q-014,pilot-v2-doc-apy-0002-66a5cc4017fb,0,owner_regrade_agreement_seed42,
v2q-014-candidate-21,v2q-014,pilot-v2-doc-mgnrega-0002-bbbce5f319d4,0,owner_first_pass_unsampled_seed42,
v2q-014-candidate-22,v2q-014,pilot-v2-doc-apy-0000-c43dd88d7899,0,owner_first_pass_unsampled_seed42,
v2q-014-candidate-23,v2q-014,pilot-v2-doc-apy-0001-add48d27a4a2,0,owner_first_pass_unsampled_seed42,
v2q-015-candidate-01,v2q-015,pilot-v2-doc-pmegp-0000-7b958e1ec4b0,2,owner_first_pass_unsampled_seed42,
v2q-015-candidate-02,v2q-015,pilot-v2-doc-pm-kmy-guidelines-0004-79b3bf95bb65,0,owner_first_pass_unsampled_seed42,
v2q-015-candidate-03,v2q-015,pilot-v2-doc-pm-kisan-guidelines-0010-3f4cd01daefd,0,owner_first_pass_unsampled_seed42,
v2q-015-candidate-04,v2q-015,pilot-v2-doc-pmfby-0002-5c46025b568d,0,owner_first_pass_unsampled_seed42,
v2q-015-candidate-05,v2q-015,pilot-v2-doc-pmfby-0000-d9ad07736d66,0,owner_first_pass_unsampled_seed42,
v2q-015-candidate-06,v2q-015,pilot-v2-doc-pm-kmy-guidelines-0001-5d83566dbb68,0,owner_first_pass_unsampled_seed42,
v2q-015-candidate-07,v2q-015,pilot-v2-doc-apy-0000-c43dd88d7899,0,owner_first_pass_unsampled_seed42,
v2q-015-candidate-08,v2q-015,pilot-v2-doc-pm-kmy-guidelines-0002-ae644e1f8c00,0,owner_first_pass_unsampled_seed42,
v2q-015-candidate-09,v2q-015,pilot-v2-doc-pmegp-0004-80f46cce6893,1,owner_adjudication_seed42,"The chunk discusses eligibility, exclusions, and the application process for PMEGP but does not state that the programme helps unemployed youth and artisans establish new micro-enterprises outside agriculture. The core fact requested is missing."
v2q-015-candidate-10,v2q-015,pilot-v2-doc-pmegp-0003-43256e8e6645,2,owner_first_pass_unsampled_seed42,
v2q-015-candidate-11,v2q-015,pilot-v2-doc-pm-kisan-guidelines-0011-06191a382507,0,owner_first_pass_unsampled_seed42,
v2q-015-candidate-12,v2q-015,pilot-v2-doc-pm-kisan-guidelines-0005-7d487843ff7f,0,owner_first_pass_unsampled_seed42,
v2q-015-candidate-13,v2q-015,pilot-v2-doc-pm-svanidhi-0000-f6024bb09ca5,0,owner_regrade_agreement_seed42,
v2q-015-candidate-14,v2q-015,pilot-v2-doc-pmay-g-0000-d4162175877d,0,owner_first_pass_unsampled_seed42,
v2q-015-candidate-15,v2q-015,pilot-v2-doc-pmmy-0000-70a89ee32765,0,owner_first_pass_unsampled_seed42,
v2q-015-candidate-16,v2q-015,pilot-v2-doc-pmkvy-sp-0000-0fc5cf1d7fb0,0,owner_first_pass_unsampled_seed42,
v2q-015-candidate-17,v2q-015,pilot-v2-doc-pmmy-0002-526833661bcb,0,owner_regrade_agreement_seed42,
v2q-015-candidate-18,v2q-015,pilot-v2-doc-pmmy-0001-6035d0d102e8,0,owner_first_pass_unsampled_seed42,
v2q-015-candidate-19,v2q-015,pilot-v2-doc-ab-pmjay-0000-94c82a474579,0,owner_first_pass_unsampled_seed42,
v2q-015-candidate-20,v2q-015,pilot-v2-doc-mgnrega-0001-5203a455caa6,0,owner_first_pass_unsampled_seed42,
v2q-015-candidate-21,v2q-015,pilot-v2-doc-mgnrega-0002-bbbce5f319d4,0,owner_first_pass_unsampled_seed42,
v2q-015-candidate-22,v2q-015,pilot-v2-doc-ab-pmjay-0002-58c80bb24a6c,0,owner_first_pass_unsampled_seed42,
v2q-016-candidate-01,v2q-016,pilot-v2-doc-pmkvy-rpl-0004-3a140d40bcee,2,owner_first_pass_unsampled_seed42,
v2q-016-candidate-02,v2q-016,pilot-v2-doc-pmkvy-sp-0000-0fc5cf1d7fb0,0,owner_first_pass_unsampled_seed42,"STT/SP sub-scheme chunk for RPL question — different pathway, does not help answer how experienced workers get prior-learning recognition."
v2q-016-candidate-03,v2q-016,pilot-v2-doc-pmkvy-sp-0004-57e566374b9c,0,owner_first_pass_unsampled_seed42,"STT/SP sub-scheme chunk for RPL question — different pathway, does not help answer how experienced workers get prior-learning recognition."
v2q-016-candidate-04,v2q-016,pilot-v2-doc-pmkvy-sp-0003-738795a9ef96,0,owner_first_pass_unsampled_seed42,PMKVY-SP enrollment restriction from SP doc — SP is a different pathway; does not address RPL's assess/certify function; wrong sub-scheme for v2q-016 which is RPL-specific; downgrade to 0.
v2q-016-candidate-05,v2q-016,pilot-v2-doc-pmkvy-sp-0002-dc58b95bab9b,0,owner_first_pass_unsampled_seed42,"STT/SP sub-scheme chunk for RPL question — different pathway, does not help answer how experienced workers get prior-learning recognition."
v2q-016-candidate-06,v2q-016,pilot-v2-doc-pmkvy-rpl-0002-a3163111d20f,2,owner_adjudication_seed42,The chunk explicitly states that applicants must already possess prior learning or work experience and are assessed and certified under RPL. This directly answers how experienced workers obtain formal recognition for existing skills.
v2q-016-candidate-07,v2q-016,pilot-v2-doc-pmkvy-sp-0001-43aac7629fa6,0,owner_first_pass_unsampled_seed42,"STT/SP sub-scheme chunk for RPL question — different pathway, does not help answer how experienced workers get prior-learning recognition."
v2q-016-candidate-08,v2q-016,pilot-v2-doc-pmkvy-stt-0002-9b8eeae9f924,0,owner_first_pass_unsampled_seed42,"STT/SP sub-scheme chunk for RPL question — different pathway, does not help answer how experienced workers get prior-learning recognition."
v2q-016-candidate-09,v2q-016,pilot-v2-doc-pmkvy-stt-0003-3729a1c2e22c,0,owner_first_pass_unsampled_seed42,"STT/SP sub-scheme chunk for RPL question — different pathway, does not help answer how experienced workers get prior-learning recognition."
v2q-016-candidate-10,v2q-016,pilot-v2-doc-pmkvy-rpl-0003-9425f5b8529a,2,owner_adjudication_seed42,"The chunk clearly explains the Recognition of Prior Learning process, including pre-screening, assessment, orientation, and certification of existing skills. It directly answers the question, warranting Grade 2."
v2q-016-candidate-11,v2q-016,pilot-v2-doc-pmkvy-stt-0004-0258e7b813c4,0,owner_first_pass_unsampled_seed42,"STT/SP sub-scheme chunk for RPL question — different pathway, does not help answer how experienced workers get prior-learning recognition."
v2q-016-candidate-12,v2q-016,pilot-v2-doc-pmkvy-stt-0000-546ef459ea0e,0,owner_first_pass_unsampled_seed42,"STT/SP sub-scheme chunk for RPL question — different pathway, does not help answer how experienced workers get prior-learning recognition."
v2q-016-candidate-13,v2q-016,pilot-v2-doc-pmkvy-stt-0001-ea2787dec4e8,0,owner_regrade_agreement_seed42,
v2q-016-candidate-14,v2q-016,pilot-v2-doc-pmkvy-rpl-0000-c98f315c1481,2,owner_first_pass_unsampled_seed42,
v2q-016-candidate-15,v2q-016,pilot-v2-doc-ab-pmjay-0002-58c80bb24a6c,0,owner_first_pass_unsampled_seed42,
v2q-016-candidate-16,v2q-016,pilot-v2-doc-pmkvy-rpl-0001-9ccf0701dcf9,1,owner_adjudication_seed42,"The chunk focuses on benefits, costs, certification criteria, and payouts but does not explain how an experienced worker obtains recognition through the RPL process. The requested fact is absent."
v2q-017-candidate-01,v2q-017,pilot-v2-doc-pmkvy-rpl-0003-9425f5b8529a,0,owner_first_pass_unsampled_seed42,"RPL sub-scheme chunk for STT question — RPL targets experienced workers, not dropouts/unemployed needing initial skills."
v2q-017-candidate-02,v2q-017,pilot-v2-doc-pmkvy-stt-0000-546ef459ea0e,2,owner_first_pass_unsampled_seed42,
v2q-017-candidate-03,v2q-017,pilot-v2-doc-ab-pmjay-0002-58c80bb24a6c,0,owner_first_pass_unsampled_seed42,
v2q-017-candidate-04,v2q-017,pilot-v2-doc-pmkvy-rpl-0000-c98f315c1481,0,owner_first_pass_unsampled_seed42,"RPL sub-scheme chunk for STT question — RPL targets experienced workers, not dropouts/unemployed needing initial skills."
v2q-017-candidate-05,v2q-017,pilot-v2-doc-pmkvy-sp-0000-0fc5cf1d7fb0,0,owner_first_pass_unsampled_seed42,"SP sub-scheme chunk for STT question — special-project geographic targeting, not the fresh-skilling STT pathway."
v2q-017-candidate-06,v2q-017,pilot-v2-doc-pmkvy-stt-0002-9b8eeae9f924,2,owner_regrade_agreement_seed42,
v2q-017-candidate-07,v2q-017,pilot-v2-doc-pmkvy-sp-0001-43aac7629fa6,0,owner_first_pass_unsampled_seed42,"SP sub-scheme chunk for STT question — special-project geographic targeting, not the fresh-skilling STT pathway."
v2q-017-candidate-08,v2q-017,pilot-v2-doc-pmkvy-stt-0003-3729a1c2e22c,2,owner_first_pass_unsampled_seed42,STT chunk explicitly names school/college dropouts and unemployed youth as target group for fresh skilling — directly supports reference answer.
v2q-017-candidate-09,v2q-017,pilot-v2-doc-pmkvy-sp-0002-dc58b95bab9b,0,owner_first_pass_unsampled_seed42,"SP sub-scheme chunk for STT question — special-project geographic targeting, not the fresh-skilling STT pathway."
v2q-017-candidate-10,v2q-017,pilot-v2-doc-pmkvy-sp-0004-57e566374b9c,0,owner_first_pass_unsampled_seed42,"SP sub-scheme chunk for STT question — special-project geographic targeting, not the fresh-skilling STT pathway."
v2q-017-candidate-11,v2q-017,pilot-v2-doc-pmkvy-rpl-0001-9ccf0701dcf9,0,owner_first_pass_unsampled_seed42,"RPL sub-scheme chunk for STT question — RPL targets experienced workers, not dropouts/unemployed needing initial skills."
v2q-017-candidate-12,v2q-017,pilot-v2-doc-pmkvy-sp-0003-738795a9ef96,0,owner_first_pass_unsampled_seed42,"SP sub-scheme chunk for STT question — special-project geographic targeting, not the fresh-skilling STT pathway."
v2q-017-candidate-13,v2q-017,pilot-v2-doc-pmkvy-rpl-0002-a3163111d20f,0,owner_first_pass_unsampled_seed42,"RPL sub-scheme chunk for STT question — RPL targets experienced workers, not dropouts/unemployed needing initial skills."
v2q-017-candidate-14,v2q-017,pilot-v2-doc-pmkvy-stt-0004-0258e7b813c4,1,owner_regrade_agreement_seed42,
v2q-017-candidate-15,v2q-017,pilot-v2-doc-pmkvy-stt-0001-ea2787dec4e8,1,owner_regrade_agreement_seed42,
v2q-017-candidate-16,v2q-017,pilot-v2-doc-pmkvy-rpl-0004-3a140d40bcee,0,owner_regrade_agreement_seed42,
v2q-018-candidate-01,v2q-018,pilot-v2-doc-pm-janman-0000-69ac65d10edc,0,owner_first_pass_unsampled_seed42,
v2q-018-candidate-02,v2q-018,pilot-v2-doc-apy-0000-c43dd88d7899,0,owner_first_pass_unsampled_seed42,
v2q-018-candidate-03,v2q-018,pilot-v2-doc-pm-janman-0001-0deee4377b38,0,owner_first_pass_unsampled_seed42,
v2q-018-candidate-04,v2q-018,pilot-v2-doc-pm-janman-0002-d0844e3327b6,0,owner_first_pass_unsampled_seed42,
v2q-018-candidate-05,v2q-018,pilot-v2-doc-ab-pmjay-0001-a632a7205efc,0,owner_first_pass_unsampled_seed42,
v2q-018-candidate-06,v2q-018,pilot-v2-doc-pmuy2-0000-95fa2d4e3b3f,0,owner_first_pass_unsampled_seed42,
v2q-018-candidate-07,v2q-018,pilot-v2-doc-pmay-g-0003-2769023a3f73,0,owner_first_pass_unsampled_seed42,
v2q-018-candidate-08,v2q-018,pilot-v2-doc-pmay-g-0002-e08c1e347071,0,owner_first_pass_unsampled_seed42,
v2q-018-candidate-09,v2q-018,pilot-v2-doc-pmay-g-0004-f8ee90715c3f,0,owner_first_pass_unsampled_seed42,
v2q-018-candidate-10,v2q-018,pilot-v2-doc-pmay-u-0001-b64fadc4bf6b,2,owner_first_pass_unsampled_seed42,
v2q-018-candidate-11,v2q-018,pilot-v2-doc-pmay-g-0000-d4162175877d,0,owner_first_pass_unsampled_seed42,
v2q-018-candidate-12,v2q-018,pilot-v2-doc-pmay-g-0001-db2db8af1543,0,owner_first_pass_unsampled_seed42,
v2q-018-candidate-13,v2q-018,pilot-v2-doc-pmay-u-0000-0b5e95b2690a,2,owner_first_pass_unsampled_seed42,
v2q-018-candidate-14,v2q-018,pilot-v2-doc-apy-0001-add48d27a4a2,0,owner_first_pass_unsampled_seed42,
v2q-018-candidate-15,v2q-018,pilot-v2-doc-apy-0002-66a5cc4017fb,0,owner_first_pass_unsampled_seed42,
v2q-018-candidate-16,v2q-018,pilot-v2-doc-mgnrega-0001-5203a455caa6,0,owner_regrade_agreement_seed42,
v2q-018-candidate-17,v2q-018,pilot-v2-doc-ab-pmjay-0000-94c82a474579,0,owner_first_pass_unsampled_seed42,
v2q-018-candidate-18,v2q-018,pilot-v2-doc-pm-gkay-0000-c29b96f46a80,0,owner_first_pass_unsampled_seed42,
v2q-018-candidate-19,v2q-018,pilot-v2-doc-pm-gkay-0002-9e804cd883e8,0,owner_first_pass_unsampled_seed42,
v2q-019-candidate-01,v2q-019,pilot-v2-doc-pmuy2-0001-065bd619e9c6,1,owner_first_pass_unsampled_seed42,
v2q-019-candidate-02,v2q-019,pilot-v2-doc-pm-janman-0000-69ac65d10edc,0,owner_regrade_agreement_seed42,
v2q-019-candidate-03,v2q-019,pilot-v2-doc-pmegp-0003-43256e8e6645,0,owner_first_pass_unsampled_seed42,
v2q-019-candidate-04,v2q-019,pilot-v2-doc-pmay-g-0000-d4162175877d,0,owner_first_pass_unsampled_seed42,
v2q-019-candidate-05,v2q-019,pilot-v2-doc-pmfby-0001-4270154049cc,0,owner_first_pass_unsampled_seed42,
v2q-019-candidate-06,v2q-019,pilot-v2-doc-pmkvy-rpl-0002-a3163111d20f,0,owner_first_pass_unsampled_seed42,
v2q-019-candidate-07,v2q-019,pilot-v2-doc-pmuy2-0002-61d762b2cd43,1,owner_first_pass_unsampled_seed42,
v2q-019-candidate-08,v2q-019,pilot-v2-doc-pmjdy-0000-8b241ec39723,0,owner_first_pass_unsampled_seed42,
v2q-019-candidate-09,v2q-019,pilot-v2-doc-pmkvy-sp-0000-0fc5cf1d7fb0,0,owner_first_pass_unsampled_seed42,
v2q-019-candidate-10,v2q-019,pilot-v2-doc-pmuy-0000-ad06c0c09d46,1,owner_first_pass_unsampled_seed42,
v2q-019-candidate-11,v2q-019,pilot-v2-doc-pmay-g-0001-db2db8af1543,0,owner_first_pass_unsampled_seed42,
v2q-019-candidate-12,v2q-019,pilot-v2-doc-pm-svanidhi-0000-f6024bb09ca5,0,owner_first_pass_unsampled_seed42,
v2q-019-candidate-13,v2q-019,pilot-v2-doc-pmuy2-0000-95fa2d4e3b3f,2,owner_first_pass_unsampled_seed42,
v2q-019-candidate-14,v2q-019,pilot-v2-doc-pmfby-0000-d9ad07736d66,0,owner_first_pass_unsampled_seed42,
v2q-019-candidate-15,v2q-019,pilot-v2-doc-pmuy-0001-5fd4d0cd2135,1,owner_first_pass_unsampled_seed42,
v2q-019-candidate-16,v2q-019,pilot-v2-doc-mgnrega-0002-bbbce5f319d4,0,owner_first_pass_unsampled_seed42,
v2q-019-candidate-17,v2q-019,pilot-v2-doc-pm-gkay-0002-9e804cd883e8,0,owner_first_pass_unsampled_seed42,
v2q-019-candidate-18,v2q-019,pilot-v2-doc-ab-pmjay-0001-a632a7205efc,0,owner_first_pass_unsampled_seed42,
v2q-019-candidate-19,v2q-019,pilot-v2-doc-ab-pmjay-0003-1242266bb260,0,owner_first_pass_unsampled_seed42,
v2q-019-candidate-20,v2q-019,pilot-v2-doc-pmay-u-0001-b64fadc4bf6b,0,owner_first_pass_unsampled_seed42,
v2q-019-candidate-21,v2q-019,pilot-v2-doc-mgnrega-0000-7e6d80b47566,0,owner_regrade_agreement_seed42,
v2q-019-candidate-22,v2q-019,pilot-v2-doc-apy-0000-c43dd88d7899,0,owner_first_pass_unsampled_seed42,
v2q-019-candidate-23,v2q-019,pilot-v2-doc-ab-pmjay-0000-94c82a474579,0,owner_first_pass_unsampled_seed42,
v2q-020-candidate-01,v2q-020,pilot-v2-doc-pm-kmy-guidelines-0021-7ce201d9d183,0,owner_regrade_agreement_seed42,
v2q-020-candidate-02,v2q-020,pilot-v2-doc-pm-janman-0002-d0844e3327b6,0,owner_first_pass_unsampled_seed42,
v2q-020-candidate-03,v2q-020,pilot-v2-doc-pm-kisan-guidelines-0010-3f4cd01daefd,0,owner_first_pass_unsampled_seed42,
v2q-020-candidate-04,v2q-020,pilot-v2-doc-pm-kisan-guidelines-0009-4b2b66f9fbc9,0,owner_first_pass_unsampled_seed42,
v2q-020-candidate-05,v2q-020,pilot-v2-doc-pm-kmy-guidelines-0020-27037b9fe8a1,0,owner_first_pass_unsampled_seed42,
v2q-020-candidate-06,v2q-020,pilot-v2-doc-pmkvy-sp-0001-43aac7629fa6,1,owner_first_pass_unsampled_seed42,
v2q-020-candidate-07,v2q-020,pilot-v2-doc-pmkvy-sp-0003-738795a9ef96,1,owner_first_pass_unsampled_seed42,
v2q-020-candidate-08,v2q-020,pilot-v2-doc-pmkvy-sp-0000-0fc5cf1d7fb0,2,owner_first_pass_unsampled_seed42,
v2q-020-candidate-09,v2q-020,pilot-v2-doc-pmkvy-sp-0002-dc58b95bab9b,1,owner_first_pass_unsampled_seed42,
v2q-020-candidate-10,v2q-020,pilot-v2-doc-mgnrega-0000-7e6d80b47566,0,owner_first_pass_unsampled_seed42,
v2q-020-candidate-11,v2q-020,pilot-v2-doc-pmkvy-stt-0001-ea2787dec4e8,1,owner_first_pass_unsampled_seed42,
v2q-020-candidate-12,v2q-020,pilot-v2-doc-pmkvy-rpl-0003-9425f5b8529a,1,owner_first_pass_unsampled_seed42,
v2q-020-candidate-13,v2q-020,pilot-v2-doc-pmkvy-rpl-0000-c98f315c1481,2,owner_first_pass_unsampled_seed42,
v2q-020-candidate-14,v2q-020,pilot-v2-doc-mgnrega-0001-5203a455caa6,0,owner_first_pass_unsampled_seed42,
v2q-020-candidate-15,v2q-020,pilot-v2-doc-pmkvy-stt-0000-546ef459ea0e,1,owner_first_pass_unsampled_seed42,
v2q-020-candidate-16,v2q-020,pilot-v2-doc-ab-pmjay-0001-a632a7205efc,0,owner_first_pass_unsampled_seed42,
v2q-020-candidate-17,v2q-020,pilot-v2-doc-mgnrega-0002-bbbce5f319d4,0,owner_first_pass_unsampled_seed42,
v2q-020-candidate-18,v2q-020,pilot-v2-doc-pm-kisan-guidelines-0007-38a7fcb29c5d,0,owner_first_pass_unsampled_seed42,
v2q-020-candidate-19,v2q-020,pilot-v2-doc-pmay-g-0002-e08c1e347071,0,owner_first_pass_unsampled_seed42,
v2q-020-candidate-20,v2q-020,pilot-v2-doc-pmay-g-0003-2769023a3f73,0,owner_first_pass_unsampled_seed42,
v2q-020-candidate-21,v2q-020,pilot-v2-doc-pmay-g-0004-f8ee90715c3f,0,owner_first_pass_unsampled_seed42,
v2q-020-candidate-22,v2q-020,pilot-v2-doc-ab-pmjay-0000-94c82a474579,0,owner_first_pass_unsampled_seed42,
v2q-020-candidate-23,v2q-020,pilot-v2-doc-pmkvy-sp-0004-57e566374b9c,1,owner_first_pass_unsampled_seed42,
v2q-020-candidate-24,v2q-020,pilot-v2-doc-apy-0001-add48d27a4a2,0,owner_first_pass_unsampled_seed42,
v2q-021-candidate-01,v2q-021,pilot-v2-doc-pmfby-0003-5aa41e0f864d,1,owner_first_pass_unsampled_seed42,
v2q-021-candidate-02,v2q-021,pilot-v2-doc-mgnrega-0000-7e6d80b47566,0,owner_first_pass_unsampled_seed42,
v2q-021-candidate-03,v2q-021,pilot-v2-doc-pm-kmy-guidelines-0004-79b3bf95bb65,0,owner_first_pass_unsampled_seed42,
v2q-021-candidate-04,v2q-021,pilot-v2-doc-pmfby-0000-d9ad07736d66,2,owner_regrade_agreement_seed42,
v2q-021-candidate-05,v2q-021,pilot-v2-doc-pmfby-0002-5c46025b568d,1,owner_first_pass_unsampled_seed42,
v2q-021-candidate-06,v2q-021,pilot-v2-doc-pmsby-0000-0f297846df39,0,owner_first_pass_unsampled_seed42,
v2q-021-candidate-07,v2q-021,pilot-v2-doc-pmfby-0005-981661f0b09d,1,owner_first_pass_unsampled_seed42,
v2q-021-candidate-08,v2q-021,pilot-v2-doc-pmfby-0004-25f813969307,1,owner_first_pass_unsampled_seed42,
v2q-021-candidate-09,v2q-021,pilot-v2-doc-pmjdy-0000-8b241ec39723,0,owner_regrade_agreement_seed42,
v2q-021-candidate-10,v2q-021,pilot-v2-doc-pmjdy-0001-95c3d046d79a,0,owner_first_pass_unsampled_seed42,
v2q-021-candidate-11,v2q-021,pilot-v2-doc-pm-kisan-guidelines-0012-a77da98de388,0,owner_first_pass_unsampled_seed42,
v2q-021-candidate-12,v2q-021,pilot-v2-doc-ab-pmjay-0001-a632a7205efc,0,owner_first_pass_unsampled_seed42,
v2q-021-candidate-13,v2q-021,pilot-v2-doc-pmfby-0001-4270154049cc,1,owner_first_pass_unsampled_seed42,
v2q-021-candidate-14,v2q-021,pilot-v2-doc-pmjjby-0000-47f7bb620cd4,0,owner_regrade_agreement_seed42,
v2q-021-candidate-15,v2q-021,pilot-v2-doc-pm-kmy-guidelines-0003-30d7d7a0db81,0,owner_regrade_agreement_seed42,
v2q-021-candidate-16,v2q-021,pilot-v2-doc-ab-pmjay-0003-1242266bb260,0,owner_first_pass_unsampled_seed42,
v2q-021-candidate-17,v2q-021,pilot-v2-doc-pm-kisan-guidelines-0000-bbe94f08550e,0,owner_first_pass_unsampled_seed42,
v2q-021-candidate-18,v2q-021,pilot-v2-doc-pm-kisan-guidelines-0001-5ad8f250b7e2,0,owner_regrade_agreement_seed42,
v2q-021-candidate-19,v2q-021,pilot-v2-doc-pm-kmy-guidelines-0001-5d83566dbb68,0,owner_first_pass_unsampled_seed42,
v2q-021-candidate-20,v2q-021,pilot-v2-doc-ab-pmjay-0000-94c82a474579,0,owner_first_pass_unsampled_seed42,
v2q-022-candidate-01,v2q-022,pilot-v2-doc-pm-kmy-guidelines-0002-ae644e1f8c00,0,owner_first_pass_unsampled_seed42,
v2q-022-candidate-02,v2q-022,pilot-v2-doc-pmay-g-0005-c6e2fcfefcd0,0,owner_first_pass_unsampled_seed42,
v2q-022-candidate-03,v2q-022,pilot-v2-doc-pm-kmy-guidelines-0005-1b88dfec836a,0,owner_first_pass_unsampled_seed42,
v2q-022-candidate-04,v2q-022,pilot-v2-doc-pmegp-0004-80f46cce6893,0,owner_first_pass_unsampled_seed42,
v2q-022-candidate-05,v2q-022,pilot-v2-doc-pmmy-0000-70a89ee32765,2,owner_first_pass_unsampled_seed42,
v2q-022-candidate-06,v2q-022,pilot-v2-doc-pmay-g-0003-2769023a3f73,0,owner_first_pass_unsampled_seed42,
v2q-022-candidate-07,v2q-022,pilot-v2-doc-pmegp-0002-f67d4c730011,0,owner_first_pass_unsampled_seed42,
v2q-022-candidate-08,v2q-022,pilot-v2-doc-pmay-g-0001-db2db8af1543,0,owner_first_pass_unsampled_seed42,
v2q-022-candidate-09,v2q-022,pilot-v2-doc-pmegp-0003-43256e8e6645,0,owner_first_pass_unsampled_seed42,
v2q-022-candidate-10,v2q-022,pilot-v2-doc-pmegp-0000-7b958e1ec4b0,0,owner_first_pass_unsampled_seed42,
v2q-022-candidate-11,v2q-022,pilot-v2-doc-pmegp-0001-f900b4f4f97a,0,owner_first_pass_unsampled_seed42,
v2q-022-candidate-12,v2q-022,pilot-v2-doc-pm-kisan-guidelines-0001-5ad8f250b7e2,0,owner_first_pass_unsampled_seed42,
v2q-022-candidate-13,v2q-022,pilot-v2-doc-pmmy-0001-6035d0d102e8,1,owner_first_pass_unsampled_seed42,
v2q-022-candidate-14,v2q-022,pilot-v2-doc-pmsby-0000-0f297846df39,0,owner_first_pass_unsampled_seed42,
v2q-022-candidate-15,v2q-022,pilot-v2-doc-pm-svanidhi-0000-f6024bb09ca5,0,owner_first_pass_unsampled_seed42,
v2q-022-candidate-16,v2q-022,pilot-v2-doc-pm-svanidhi-0001-e06d259b429d,0,owner_first_pass_unsampled_seed42,
v2q-022-candidate-17,v2q-022,pilot-v2-doc-apy-0000-c43dd88d7899,0,owner_first_pass_unsampled_seed42,
v2q-022-candidate-18,v2q-022,pilot-v2-doc-pm-gkay-0000-c29b96f46a80,0,owner_first_pass_unsampled_seed42,
v2q-022-candidate-19,v2q-022,pilot-v2-doc-pm-kmy-guidelines-0020-27037b9fe8a1,0,owner_first_pass_unsampled_seed42,
v2q-022-candidate-20,v2q-022,pilot-v2-doc-pm-kmy-guidelines-0021-7ce201d9d183,0,owner_first_pass_unsampled_seed42,
v2q-022-candidate-21,v2q-022,pilot-v2-doc-pm-kmy-guidelines-0022-e87f63954812,0,owner_first_pass_unsampled_seed42,
v2q-022-candidate-22,v2q-022,pilot-v2-doc-pmjdy-0000-8b241ec39723,0,owner_first_pass_unsampled_seed42,
v2q-022-candidate-23,v2q-022,pilot-v2-doc-pmjjby-0000-47f7bb620cd4,0,owner_first_pass_unsampled_seed42,
v2q-022-candidate-24,v2q-022,pilot-v2-doc-pm-janman-0002-d0844e3327b6,0,owner_first_pass_unsampled_seed42,
v2q-022-candidate-25,v2q-022,pilot-v2-doc-ab-pmjay-0002-58c80bb24a6c,0,owner_first_pass_unsampled_seed42,
v2q-022-candidate-26,v2q-022,pilot-v2-doc-ab-pmjay-0000-94c82a474579,0,owner_first_pass_unsampled_seed42,
v2q-022-candidate-27,v2q-022,pilot-v2-doc-ab-pmjay-0001-a632a7205efc,0,owner_first_pass_unsampled_seed42,
v2q-022-candidate-28,v2q-022,pilot-v2-doc-pmmy-0002-526833661bcb,1,owner_first_pass_unsampled_seed42,
v2q-022-candidate-29,v2q-022,pilot-v2-doc-mgnrega-0003-008750b5fc90,0,owner_first_pass_unsampled_seed42,
v2q-023-candidate-01,v2q-023,pilot-v2-doc-pm-kmy-guidelines-0004-79b3bf95bb65,0,owner_first_pass_unsampled_seed42,
v2q-023-candidate-02,v2q-023,pilot-v2-doc-pm-kmy-guidelines-0003-30d7d7a0db81,0,owner_first_pass_unsampled_seed42,
v2q-023-candidate-03,v2q-023,pilot-v2-doc-pmjdy-0000-8b241ec39723,0,owner_first_pass_unsampled_seed42,
v2q-023-candidate-04,v2q-023,pilot-v2-doc-pmkvy-sp-0003-738795a9ef96,0,owner_first_pass_unsampled_seed42,
v2q-023-candidate-05,v2q-023,pilot-v2-doc-pm-kisan-guidelines-0007-38a7fcb29c5d,0,owner_first_pass_unsampled_seed42,
v2q-023-candidate-06,v2q-023,pilot-v2-doc-pmkvy-stt-0003-3729a1c2e22c,0,owner_first_pass_unsampled_seed42,
v2q-023-candidate-07,v2q-023,pilot-v2-doc-pm-svanidhi-0000-f6024bb09ca5,0,owner_regrade_agreement_seed42,
v2q-023-candidate-08,v2q-023,pilot-v2-doc-mgnrega-0003-008750b5fc90,2,owner_first_pass_unsampled_seed42,
v2q-023-candidate-09,v2q-023,pilot-v2-doc-pmay-u-0001-b64fadc4bf6b,0,owner_first_pass_unsampled_seed42,
v2q-023-candidate-10,v2q-023,pilot-v2-doc-pmay-g-0001-db2db8af1543,0,owner_first_pass_unsampled_seed42,
v2q-023-candidate-11,v2q-023,pilot-v2-doc-pmkvy-rpl-0003-9425f5b8529a,0,owner_first_pass_unsampled_seed42,
v2q-023-candidate-12,v2q-023,pilot-v2-doc-mgnrega-0002-bbbce5f319d4,2,owner_first_pass_unsampled_seed42,
v2q-023-candidate-13,v2q-023,pilot-v2-doc-mgnrega-0001-5203a455caa6,2,owner_regrade_agreement_seed42,
v2q-023-candidate-14,v2q-023,pilot-v2-doc-pmay-g-0000-d4162175877d,0,owner_first_pass_unsampled_seed42,
v2q-023-candidate-15,v2q-023,pilot-v2-doc-mgnrega-0000-7e6d80b47566,2,owner_first_pass_unsampled_seed42,
v2q-023-candidate-16,v2q-023,pilot-v2-doc-pmay-g-0006-d323213e3255,0,owner_first_pass_unsampled_seed42,
v2q-023-candidate-17,v2q-023,pilot-v2-doc-ab-pmjay-0002-58c80bb24a6c,0,owner_first_pass_unsampled_seed42,
v2q-023-candidate-18,v2q-023,pilot-v2-doc-ab-pmjay-0003-1242266bb260,0,owner_first_pass_unsampled_seed42,
v2q-023-candidate-19,v2q-023,pilot-v2-doc-pmay-g-0002-e08c1e347071,0,owner_first_pass_unsampled_seed42,
v2q-023-candidate-20,v2q-023,pilot-v2-doc-pmay-g-0003-2769023a3f73,0,owner_first_pass_unsampled_seed42,
v2q-023-candidate-21,v2q-023,pilot-v2-doc-pmuy-0001-5fd4d0cd2135,0,owner_first_pass_unsampled_seed42,
v2q-023-candidate-22,v2q-023,pilot-v2-doc-pm-gkay-0000-c29b96f46a80,0,owner_first_pass_unsampled_seed42,
v2q-023-candidate-23,v2q-023,pilot-v2-doc-pm-gkay-0002-9e804cd883e8,0,owner_first_pass_unsampled_seed42,
v2q-023-candidate-24,v2q-023,pilot-v2-doc-pm-gkay-0001-ccd31e120258,0,owner_first_pass_unsampled_seed42,
v2q-023-candidate-25,v2q-023,pilot-v2-doc-apy-0000-c43dd88d7899,0,owner_first_pass_unsampled_seed42,
v2q-024-candidate-01,v2q-024,pilot-v2-doc-ab-pmjay-0000-94c82a474579,2,owner_first_pass_unsampled_seed42,
v2q-024-candidate-02,v2q-024,pilot-v2-doc-pmkvy-sp-0003-738795a9ef96,0,owner_first_pass_unsampled_seed42,
v2q-024-candidate-03,v2q-024,pilot-v2-doc-pm-kmy-guidelines-0004-79b3bf95bb65,0,owner_first_pass_unsampled_seed42,
v2q-024-candidate-04,v2q-024,pilot-v2-doc-pm-kisan-guidelines-0005-7d487843ff7f,0,owner_first_pass_unsampled_seed42,
v2q-024-candidate-05,v2q-024,pilot-v2-doc-pmkvy-rpl-0000-c98f315c1481,0,owner_first_pass_unsampled_seed42,
v2q-024-candidate-06,v2q-024,pilot-v2-doc-pmuy2-0000-95fa2d4e3b3f,0,owner_first_pass_unsampled_seed42,
v2q-024-candidate-07,v2q-024,pilot-v2-doc-ab-pmjay-0001-a632a7205efc,1,owner_first_pass_unsampled_seed42,
v2q-024-candidate-08,v2q-024,pilot-v2-doc-pmkvy-stt-0004-0258e7b813c4,0,owner_first_pass_unsampled_seed42,
v2q-024-candidate-09,v2q-024,pilot-v2-doc-pm-janman-0000-69ac65d10edc,0,owner_first_pass_unsampled_seed42,
v2q-024-candidate-10,v2q-024,pilot-v2-doc-pm-janman-0002-d0844e3327b6,0,owner_first_pass_unsampled_seed42,
v2q-024-candidate-11,v2q-024,pilot-v2-doc-pm-kisan-guidelines-0000-bbe94f08550e,0,owner_first_pass_unsampled_seed42,
v2q-024-candidate-12,v2q-024,pilot-v2-doc-pm-kmy-guidelines-0020-27037b9fe8a1,0,owner_first_pass_unsampled_seed42,
v2q-024-candidate-13,v2q-024,pilot-v2-doc-pmuy-0000-ad06c0c09d46,0,owner_first_pass_unsampled_seed42,
v2q-024-candidate-14,v2q-024,pilot-v2-doc-pm-kmy-guidelines-0021-7ce201d9d183,0,owner_first_pass_unsampled_seed42,
v2q-024-candidate-15,v2q-024,pilot-v2-doc-pmegp-0000-7b958e1ec4b0,0,owner_first_pass_unsampled_seed42,
v2q-024-candidate-16,v2q-024,pilot-v2-doc-pmkvy-stt-0000-546ef459ea0e,0,owner_first_pass_unsampled_seed42,
v2q-024-candidate-17,v2q-024,pilot-v2-doc-ab-pmjay-0003-1242266bb260,1,owner_regrade_agreement_seed42,
v2q-024-candidate-18,v2q-024,pilot-v2-doc-ab-pmjay-0002-58c80bb24a6c,1,owner_first_pass_unsampled_seed42,
v2q-024-candidate-19,v2q-024,pilot-v2-doc-mgnrega-0000-7e6d80b47566,0,owner_first_pass_unsampled_seed42,
v2q-024-candidate-20,v2q-024,pilot-v2-doc-pm-gkay-0000-c29b96f46a80,0,owner_regrade_agreement_seed42,
v2q-024-candidate-21,v2q-024,pilot-v2-doc-apy-0001-add48d27a4a2,0,owner_first_pass_unsampled_seed42,
v2q-024-candidate-22,v2q-024,pilot-v2-doc-pm-janman-0001-0deee4377b38,0,owner_regrade_agreement_seed42,
v2q-024-candidate-23,v2q-024,pilot-v2-doc-ab-pmjay-0004-2e5074722cd7,1,owner_first_pass_unsampled_seed42,
v2q-025-candidate-01,v2q-025,pilot-v2-doc-pmegp-0000-7b958e1ec4b0,0,owner_first_pass_unsampled_seed42,
v2q-025-candidate-02,v2q-025,pilot-v2-doc-pmmy-0001-6035d0d102e8,2,owner_first_pass_unsampled_seed42,
v2q-025-candidate-03,v2q-025,pilot-v2-doc-pmfby-0000-d9ad07736d66,0,owner_first_pass_unsampled_seed42,
v2q-025-candidate-04,v2q-025,pilot-v2-doc-pm-svanidhi-0000-f6024bb09ca5,0,owner_first_pass_unsampled_seed42,
v2q-025-candidate-05,v2q-025,pilot-v2-doc-pmjdy-0001-95c3d046d79a,2,owner_first_pass_unsampled_seed42,
v2q-025-candidate-06,v2q-025,pilot-v2-doc-pmegp-0001-f900b4f4f97a,0,owner_regrade_agreement_seed42,
v2q-025-candidate-07,v2q-025,pilot-v2-doc-pmjdy-0002-8b8c40538d6e,1,owner_first_pass_unsampled_seed42,
v2q-025-candidate-08,v2q-025,pilot-v2-doc-pmmy-0000-70a89ee32765,2,owner_first_pass_unsampled_seed42,
v2q-025-candidate-09,v2q-025,pilot-v2-doc-pmmy-0002-526833661bcb,1,owner_first_pass_unsampled_seed42,
v2q-025-candidate-10,v2q-025,pilot-v2-doc-ab-pmjay-0000-94c82a474579,0,owner_first_pass_unsampled_seed42,
v2q-025-candidate-11,v2q-025,pilot-v2-doc-pm-kmy-guidelines-0004-79b3bf95bb65,0,owner_first_pass_unsampled_seed42,
v2q-025-candidate-12,v2q-025,pilot-v2-doc-pmegp-0003-43256e8e6645,0,owner_first_pass_unsampled_seed42,
v2q-025-candidate-13,v2q-025,pilot-v2-doc-pmjdy-0000-8b241ec39723,2,owner_adjudication_seed42,"The chunk clearly states that PMJDY provides universal banking services. Under the multi-part grading rubric, correctly stating one requested programme's relevant component is sufficient for Grade 2; omission of PMMY does not warrant a downgrade."
v2q-025-candidate-14,v2q-025,pilot-v2-doc-apy-0000-c43dd88d7899,0,owner_first_pass_unsampled_seed42,
v2q-025-candidate-15,v2q-025,pilot-v2-doc-pm-gkay-0000-c29b96f46a80,0,owner_first_pass_unsampled_seed42,
v2q-025-candidate-16,v2q-025,pilot-v2-doc-pm-kmy-guidelines-0020-27037b9fe8a1,0,owner_first_pass_unsampled_seed42,
v2q-025-candidate-17,v2q-025,pilot-v2-doc-pm-kmy-guidelines-0021-7ce201d9d183,0,owner_first_pass_unsampled_seed42,
v2q-025-candidate-18,v2q-025,pilot-v2-doc-pmjjby-0000-47f7bb620cd4,0,owner_regrade_agreement_seed42,
v2q-025-candidate-19,v2q-025,pilot-v2-doc-pmsby-0000-0f297846df39,0,owner_first_pass_unsampled_seed42,
v2q-025-candidate-20,v2q-025,pilot-v2-doc-ab-pmjay-0002-58c80bb24a6c,0,owner_first_pass_unsampled_seed42,
v2q-025-candidate-21,v2q-025,pilot-v2-doc-ab-pmjay-0001-a632a7205efc,0,owner_first_pass_unsampled_seed42,
v2q-026-candidate-01,v2q-026,pilot-v2-doc-pmegp-0000-7b958e1ec4b0,0,owner_regrade_agreement_seed42,
v2q-026-candidate-02,v2q-026,pilot-v2-doc-pmuy2-0000-95fa2d4e3b3f,0,owner_first_pass_unsampled_seed42,
v2q-026-candidate-03,v2q-026,pilot-v2-doc-pmay-g-0005-c6e2fcfefcd0,2,owner_first_pass_unsampled_seed42,
v2q-026-candidate-04,v2q-026,pilot-v2-doc-mgnrega-0000-7e6d80b47566,2,owner_first_pass_unsampled_seed42,
v2q-026-candidate-05,v2q-026,pilot-v2-doc-pmay-g-0000-d4162175877d,2,owner_first_pass_unsampled_seed42,
v2q-026-candidate-06,v2q-026,pilot-v2-doc-pmay-u-0001-b64fadc4bf6b,0,owner_first_pass_unsampled_seed42,
v2q-026-candidate-07,v2q-026,pilot-v2-doc-pmay-g-0002-e08c1e347071,1,owner_regrade_agreement_seed42,
v2q-026-candidate-08,v2q-026,pilot-v2-doc-pmay-u-0000-0b5e95b2690a,0,owner_first_pass_unsampled_seed42,
v2q-026-candidate-09,v2q-026,pilot-v2-doc-pmay-g-0001-db2db8af1543,2,owner_first_pass_unsampled_seed42,
v2q-026-candidate-10,v2q-026,pilot-v2-doc-mgnrega-0003-008750b5fc90,1,owner_first_pass_unsampled_seed42,
v2q-026-candidate-11,v2q-026,pilot-v2-doc-pm-janman-0001-0deee4377b38,0,owner_first_pass_unsampled_seed42,
v2q-026-candidate-12,v2q-026,pilot-v2-doc-pm-janman-0002-d0844e3327b6,0,owner_first_pass_unsampled_seed42,
v2q-026-candidate-13,v2q-026,pilot-v2-doc-pm-janman-0000-69ac65d10edc,0,owner_first_pass_unsampled_seed42,
v2q-026-candidate-14,v2q-026,pilot-v2-doc-mgnrega-0001-5203a455caa6,2,owner_first_pass_unsampled_seed42,
v2q-026-candidate-15,v2q-026,pilot-v2-doc-pmay-g-0006-d323213e3255,1,owner_first_pass_unsampled_seed42,
v2q-026-candidate-16,v2q-026,pilot-v2-doc-ab-pmjay-0002-58c80bb24a6c,0,owner_first_pass_unsampled_seed42,
v2q-026-candidate-17,v2q-026,pilot-v2-doc-ab-pmjay-0003-1242266bb260,0,owner_first_pass_unsampled_seed42,
v2q-026-candidate-18,v2q-026,pilot-v2-doc-mgnrega-0002-bbbce5f319d4,1,owner_regrade_agreement_seed42,
v2q-026-candidate-19,v2q-026,pilot-v2-doc-pm-kisan-guidelines-0005-7d487843ff7f,0,owner_first_pass_unsampled_seed42,
v2q-026-candidate-20,v2q-026,pilot-v2-doc-pm-kisan-guidelines-0012-a77da98de388,0,owner_first_pass_unsampled_seed42,
v2q-026-candidate-21,v2q-026,pilot-v2-doc-pmay-g-0004-f8ee90715c3f,1,owner_first_pass_unsampled_seed42,
v2q-026-candidate-22,v2q-026,pilot-v2-doc-pm-svanidhi-0001-e06d259b429d,0,owner_first_pass_unsampled_seed42,
v2q-026-candidate-23,v2q-026,pilot-v2-doc-pmay-g-0003-2769023a3f73,1,owner_first_pass_unsampled_seed42,
v2q-027-candidate-01,v2q-027,pilot-v2-doc-pmegp-0003-43256e8e6645,0,owner_first_pass_unsampled_seed42,
v2q-027-candidate-02,v2q-027,pilot-v2-doc-pm-kmy-guidelines-0003-30d7d7a0db81,0,owner_first_pass_unsampled_seed42,
v2q-027-candidate-03,v2q-027,pilot-v2-doc-ab-pmjay-0001-a632a7205efc,0,owner_first_pass_unsampled_seed42,
v2q-027-candidate-04,v2q-027,pilot-v2-doc-pm-svanidhi-0000-f6024bb09ca5,2,owner_first_pass_unsampled_seed42,
v2q-027-candidate-05,v2q-027,pilot-v2-doc-pmay-g-0001-db2db8af1543,0,owner_first_pass_unsampled_seed42,
v2q-027-candidate-06,v2q-027,pilot-v2-doc-pm-svanidhi-0001-e06d259b429d,2,owner_first_pass_unsampled_seed42,
v2q-027-candidate-07,v2q-027,pilot-v2-doc-pmay-g-0000-d4162175877d,0,owner_regrade_agreement_seed42,
v2q-027-candidate-08,v2q-027,pilot-v2-doc-pmay-g-0005-c6e2fcfefcd0,0,owner_regrade_agreement_seed42,
v2q-027-candidate-09,v2q-027,pilot-v2-doc-pmay-u-0000-0b5e95b2690a,2,owner_first_pass_unsampled_seed42,
v2q-027-candidate-10,v2q-027,pilot-v2-doc-pm-svanidhi-0002-280acc14217b,1,owner_first_pass_unsampled_seed42,
v2q-027-candidate-11,v2q-027,pilot-v2-doc-pmay-g-0003-2769023a3f73,0,owner_first_pass_unsampled_seed42,
v2q-027-candidate-12,v2q-027,pilot-v2-doc-pm-janman-0000-69ac65d10edc,0,owner_first_pass_unsampled_seed42,
v2q-027-candidate-13,v2q-027,pilot-v2-doc-pm-kmy-guidelines-0002-ae644e1f8c00,0,owner_first_pass_unsampled_seed42,
v2q-027-candidate-14,v2q-027,pilot-v2-doc-pm-kisan-guidelines-0000-bbe94f08550e,0,owner_first_pass_unsampled_seed42,
v2q-027-candidate-15,v2q-027,pilot-v2-doc-pmegp-0000-7b958e1ec4b0,0,owner_first_pass_unsampled_seed42,
v2q-027-candidate-16,v2q-027,pilot-v2-doc-pm-kmy-guidelines-0000-0582a8323d67,0,owner_first_pass_unsampled_seed42,
v2q-027-candidate-17,v2q-027,pilot-v2-doc-ab-pmjay-0002-58c80bb24a6c,0,owner_first_pass_unsampled_seed42,
v2q-027-candidate-18,v2q-027,pilot-v2-doc-pmay-u-0001-b64fadc4bf6b,2,owner_first_pass_unsampled_seed42,
v2q-027-candidate-19,v2q-027,pilot-v2-doc-pm-gkay-0000-c29b96f46a80,0,owner_first_pass_unsampled_seed42,
v2q-027-candidate-20,v2q-027,pilot-v2-doc-ab-pmjay-0000-94c82a474579,0,owner_regrade_agreement_seed42,
v2q-027-candidate-21,v2q-027,pilot-v2-doc-mgnrega-0001-5203a455caa6,0,owner_first_pass_unsampled_seed42,
v2q-028-candidate-01,v2q-028,pilot-v2-doc-pmkvy-sp-0002-dc58b95bab9b,1,owner_regrade_agreement_seed42,
v2q-028-candidate-02,v2q-028,pilot-v2-doc-pmkvy-sp-0000-0fc5cf1d7fb0,1,owner_first_pass_unsampled_seed42,
v2q-028-candidate-03,v2q-028,pilot-v2-doc-pmkvy-stt-0004-0258e7b813c4,0,owner_first_pass_unsampled_seed42,"STT training lifecycle steps (centre enrolment, profile page, training completion) — operational procedure does not state STT's skilling purpose or RPL's certification function; downgrade to 0."
v2q-028-candidate-04,v2q-028,pilot-v2-doc-pmkvy-stt-0002-9b8eeae9f924,1,owner_first_pass_unsampled_seed42,STT certificate-grade bands (Grade A/B/C by NSQF level) and post-certification tracking allowance (₹50/candidate) — STT is the correct pathway but chunk does not state its fresh-skilling/reskilling/upskilling purpose; keep 1.
v2q-028-candidate-05,v2q-028,pilot-v2-doc-pmkvy-stt-0001-ea2787dec4e8,0,owner_first_pass_unsampled_seed42,"STT induction kit (T-shirt/jacket/bag, ₹500 cap) and assessment pay-out (₹600/candidate) — kit/stipend detail does not address RPL certification scope or STT's fresh-skilling purpose; downgrade to 0."
v2q-028-candidate-06,v2q-028,pilot-v2-doc-pmkvy-rpl-0003-9425f5b8529a,1,owner_regrade_agreement_seed42,
v2q-028-candidate-07,v2q-028,pilot-v2-doc-pmkvy-stt-0003-3729a1c2e22c,1,owner_first_pass_unsampled_seed42,"STT chunk explicitly states 'fresh skilling, re-skilling, or upskilling' and 'school/college dropout, or unemployed youth' — verbatim match to reference answer's STT description; addresses STT component of v2q-028; reject audit Grade 0; keep 1."
v2q-028-candidate-08,v2q-028,pilot-v2-doc-pmkvy-sp-0003-738795a9ef96,1,owner_first_pass_unsampled_seed42,"PMKVY-SP enrollment restriction (no re-enroll same job role) — sibling sub-scheme, not RPL or STT specifics."
v2q-028-candidate-09,v2q-028,pilot-v2-doc-pmkvy-rpl-0002-a3163111d20f,1,owner_first_pass_unsampled_seed42,"RPL cost-per-candidate structure — correct sub-scheme, cost not certification scope."
v2q-028-candidate-10,v2q-028,pilot-v2-doc-pmkvy-rpl-0000-c98f315c1481,2,owner_first_pass_unsampled_seed42,
v2q-028-candidate-11,v2q-028,pilot-v2-doc-pmkvy-sp-0001-43aac7629fa6,1,owner_first_pass_unsampled_seed42,
v2q-028-candidate-12,v2q-028,pilot-v2-doc-pmkvy-sp-0004-57e566374b9c,1,owner_first_pass_unsampled_seed42,
v2q-028-candidate-13,v2q-028,pilot-v2-doc-pmkvy-stt-0000-546ef459ea0e,2,owner_first_pass_unsampled_seed42,
v2q-028-candidate-14,v2q-028,pilot-v2-doc-pmkvy-rpl-0001-9ccf0701dcf9,2,owner_first_pass_unsampled_seed42,
v2q-028-candidate-15,v2q-028,pilot-v2-doc-pmkvy-rpl-0004-3a140d40bcee,2,owner_first_pass_unsampled_seed42,
v2q-028-candidate-16,v2q-028,pilot-v2-doc-pm-kisan-guidelines-0000-bbe94f08550e,0,owner_regrade_agreement_seed42,
v2q-028-candidate-17,v2q-028,pilot-v2-doc-pm-kisan-guidelines-0015-763c5a3df330,0,owner_first_pass_unsampled_seed42,
v2q-029-candidate-01,v2q-029,pilot-v2-doc-pmuy2-0000-95fa2d4e3b3f,2,owner_first_pass_unsampled_seed42,
v2q-029-candidate-02,v2q-029,pilot-v2-doc-pmay-g-0000-d4162175877d,0,owner_first_pass_unsampled_seed42,
v2q-029-candidate-03,v2q-029,pilot-v2-doc-pmuy2-0001-065bd619e9c6,1,owner_first_pass_unsampled_seed42,"PMUY-2 cash-assistance amounts (₹1600/connection) — correct scheme, cost detail not migrant feature."
v2q-029-candidate-04,v2q-029,pilot-v2-doc-pmay-g-0002-e08c1e347071,0,owner_first_pass_unsampled_seed42,
v2q-029-candidate-05,v2q-029,pilot-v2-doc-pm-janman-0000-69ac65d10edc,0,owner_first_pass_unsampled_seed42,
v2q-029-candidate-06,v2q-029,pilot-v2-doc-pmuy-0000-ad06c0c09d46,2,owner_first_pass_unsampled_seed42,
v2q-029-candidate-07,v2q-029,pilot-v2-doc-pmuy2-0002-61d762b2cd43,1,owner_first_pass_unsampled_seed42,"PMUY-2 application steps (document submission) — correct scheme, no migrant facility or predecessor LPG transition."
v2q-029-candidate-08,v2q-029,pilot-v2-doc-ab-pmjay-0000-94c82a474579,0,owner_first_pass_unsampled_seed42,
v2q-029-candidate-09,v2q-029,pilot-v2-doc-pmjdy-0000-8b241ec39723,0,owner_regrade_agreement_seed42,
v2q-029-candidate-10,v2q-029,pilot-v2-doc-pmkvy-stt-0000-546ef459ea0e,0,owner_first_pass_unsampled_seed42,
v2q-029-candidate-11,v2q-029,pilot-v2-doc-pmkvy-sp-0000-0fc5cf1d7fb0,0,owner_first_pass_unsampled_seed42,
v2q-029-candidate-12,v2q-029,pilot-v2-doc-pm-kisan-guidelines-0010-3f4cd01daefd,0,owner_first_pass_unsampled_seed42,
v2q-029-candidate-13,v2q-029,pilot-v2-doc-pmay-g-0001-db2db8af1543,0,owner_first_pass_unsampled_seed42,
v2q-029-candidate-14,v2q-029,pilot-v2-doc-pmuy-0001-5fd4d0cd2135,1,owner_first_pass_unsampled_seed42,
v2q-029-candidate-15,v2q-029,pilot-v2-doc-ab-pmjay-0001-a632a7205efc,0,owner_first_pass_unsampled_seed42,
v2q-029-candidate-16,v2q-029,pilot-v2-doc-ab-pmjay-0003-1242266bb260,0,owner_regrade_agreement_seed42,
v2q-029-candidate-17,v2q-029,pilot-v2-doc-mgnrega-0001-5203a455caa6,0,owner_first_pass_unsampled_seed42,
v2q-029-candidate-18,v2q-029,pilot-v2-doc-mgnrega-0002-bbbce5f319d4,0,owner_first_pass_unsampled_seed42,
v2q-029-candidate-19,v2q-029,pilot-v2-doc-pm-gkay-0000-c29b96f46a80,0,owner_first_pass_unsampled_seed42,
v2q-029-candidate-20,v2q-029,pilot-v2-doc-pm-gkay-0001-ccd31e120258,0,owner_regrade_agreement_seed42,
v2q-029-candidate-21,v2q-029,pilot-v2-doc-apy-0003-68e7199c9d14,0,owner_regrade_agreement_seed42,
v2q-029-candidate-22,v2q-029,pilot-v2-doc-apy-0002-66a5cc4017fb,0,owner_first_pass_unsampled_seed42,
v2q-030-candidate-01,v2q-030,pilot-v2-doc-pm-kmy-guidelines-0018-67494b680dda,0,owner_first_pass_unsampled_seed42,
v2q-030-candidate-02,v2q-030,pilot-v2-doc-pmsby-0000-0f297846df39,0,owner_first_pass_unsampled_seed42,
v2q-030-candidate-03,v2q-030,pilot-v2-doc-pm-kmy-guidelines-0004-79b3bf95bb65,0,owner_first_pass_unsampled_seed42,
v2q-030-candidate-04,v2q-030,pilot-v2-doc-pmjjby-0000-47f7bb620cd4,2,owner_first_pass_unsampled_seed42,
v2q-030-candidate-05,v2q-030,pilot-v2-doc-pm-kmy-guidelines-0007-64fd9c6362ca,0,owner_first_pass_unsampled_seed42,
v2q-030-candidate-06,v2q-030,pilot-v2-doc-apy-0000-c43dd88d7899,2,owner_first_pass_unsampled_seed42,
v2q-030-candidate-07,v2q-030,pilot-v2-doc-pm-kmy-guidelines-0006-2652020c834e,0,owner_regrade_agreement_seed42,
v2q-030-candidate-08,v2q-030,pilot-v2-doc-apy-0002-66a5cc4017fb,2,owner_first_pass_unsampled_seed42,
v2q-030-candidate-09,v2q-030,pilot-v2-doc-pm-kmy-guidelines-0017-43ef720eda68,0,owner_regrade_agreement_seed42,
v2q-030-candidate-10,v2q-030,pilot-v2-doc-pmfby-0001-4270154049cc,0,owner_first_pass_unsampled_seed42,
v2q-030-candidate-11,v2q-030,pilot-v2-doc-pm-kmy-guidelines-0001-5d83566dbb68,0,owner_first_pass_unsampled_seed42,
v2q-030-candidate-12,v2q-030,pilot-v2-doc-apy-0003-68e7199c9d14,2,owner_first_pass_unsampled_seed42,
v2q-030-candidate-13,v2q-030,pilot-v2-doc-ab-pmjay-0001-a632a7205efc,0,owner_first_pass_unsampled_seed42,
v2q-030-candidate-14,v2q-030,pilot-v2-doc-apy-0001-add48d27a4a2,2,owner_first_pass_unsampled_seed42,
v2q-030-candidate-15,v2q-030,pilot-v2-doc-pm-kmy-guidelines-0002-ae644e1f8c00,0,owner_first_pass_unsampled_seed42,
v2q-030-candidate-16,v2q-030,pilot-v2-doc-pm-gkay-0000-c29b96f46a80,0,owner_first_pass_unsampled_seed42,
v2q-030-candidate-17,v2q-030,pilot-v2-doc-pm-kmy-guidelines-0020-27037b9fe8a1,0,owner_first_pass_unsampled_seed42,
v2q-030-candidate-18,v2q-030,pilot-v2-doc-pm-kmy-guidelines-0021-7ce201d9d183,0,owner_first_pass_unsampled_seed42,
v2q-030-candidate-19,v2q-030,pilot-v2-doc-pmjdy-0000-8b241ec39723,0,owner_first_pass_unsampled_seed42,
v2q-030-candidate-20,v2q-030,pilot-v2-doc-pmmy-0000-70a89ee32765,0,owner_first_pass_unsampled_seed42,
v2q-030-candidate-21,v2q-030,pilot-v2-doc-ab-pmjay-0003-1242266bb260,0,owner_regrade_agreement_seed42,
v2q-030-candidate-22,v2q-030,pilot-v2-doc-ab-pmjay-0000-94c82a474579,0,owner_first_pass_unsampled_seed42,
v2q-030-candidate-23,v2q-030,pilot-v2-doc-mgnrega-0000-7e6d80b47566,0,owner_first_pass_unsampled_seed42,
v2q-031-candidate-01,v2q-031,pilot-v2-doc-pmsby-0000-0f297846df39,2,owner_first_pass_unsampled_seed42,
v2q-031-candidate-02,v2q-031,pilot-v2-doc-pmmy-0000-70a89ee32765,0,owner_first_pass_unsampled_seed42,
v2q-031-candidate-03,v2q-031,pilot-v2-doc-pmegp-0000-7b958e1ec4b0,0,owner_regrade_agreement_seed42,
v2q-031-candidate-04,v2q-031,pilot-v2-doc-pmay-u-0000-0b5e95b2690a,0,owner_first_pass_unsampled_seed42,
v2q-031-candidate-05,v2q-031,pilot-v2-doc-ab-pmjay-0001-a632a7205efc,0,owner_first_pass_unsampled_seed42,
v2q-031-candidate-06,v2q-031,pilot-v2-doc-pm-kmy-guidelines-0001-5d83566dbb68,0,owner_first_pass_unsampled_seed42,
v2q-031-candidate-07,v2q-031,pilot-v2-doc-pmegp-0001-f900b4f4f97a,0,owner_first_pass_unsampled_seed42,
v2q-031-candidate-08,v2q-031,pilot-v2-doc-pm-kmy-guidelines-0004-79b3bf95bb65,0,owner_first_pass_unsampled_seed42,
v2q-031-candidate-09,v2q-031,pilot-v2-doc-pmegp-0003-43256e8e6645,0,owner_first_pass_unsampled_seed42,
v2q-031-candidate-10,v2q-031,pilot-v2-doc-ab-pmjay-0000-94c82a474579,0,owner_first_pass_unsampled_seed42,
v2q-031-candidate-11,v2q-031,pilot-v2-doc-pm-kmy-guidelines-0017-43ef720eda68,0,owner_first_pass_unsampled_seed42,
v2q-031-candidate-12,v2q-031,pilot-v2-doc-pmjjby-0000-47f7bb620cd4,2,owner_first_pass_unsampled_seed42,
v2q-031-candidate-13,v2q-031,pilot-v2-doc-pmjdy-0000-8b241ec39723,2,owner_adjudication_seed42,"The chunk correctly states PMJDY's universal banking function. Under the multi-part grading rubric, correctly stating one requested programme's relevant component is sufficient for Grade 2; omission of PMJJBY and PMSBY does not warrant a downgrade."
v2q-031-candidate-14,v2q-031,pilot-v2-doc-apy-0003-68e7199c9d14,0,owner_first_pass_unsampled_seed42,
v2q-031-candidate-15,v2q-031,pilot-v2-doc-pmjdy-0001-95c3d046d79a,2,owner_first_pass_unsampled_seed42,
v2q-031-candidate-16,v2q-031,pilot-v2-doc-pm-kmy-guidelines-0018-67494b680dda,0,owner_first_pass_unsampled_seed42,
v2q-031-candidate-17,v2q-031,pilot-v2-doc-pm-kmy-guidelines-0002-ae644e1f8c00,0,owner_first_pass_unsampled_seed42,
v2q-031-candidate-18,v2q-031,pilot-v2-doc-apy-0000-c43dd88d7899,0,owner_first_pass_unsampled_seed42,
v2q-031-candidate-19,v2q-031,pilot-v2-doc-apy-0002-66a5cc4017fb,0,owner_first_pass_unsampled_seed42,
v2q-031-candidate-20,v2q-031,pilot-v2-doc-pmsby-0001-8851a01ce006,1,owner_first_pass_unsampled_seed42,
v2q-031-candidate-21,v2q-031,pilot-v2-doc-apy-0001-add48d27a4a2,0,owner_first_pass_unsampled_seed42,
v2q-032-candidate-01,v2q-032,pilot-v2-doc-pmfby-0000-d9ad07736d66,2,owner_first_pass_unsampled_seed42,
v2q-032-candidate-02,v2q-032,pilot-v2-doc-pm-kmy-guidelines-0000-0582a8323d67,2,owner_first_pass_unsampled_seed42,PM-KMY guidelines introduction explicitly states 'old age pension scheme for all land holding Small and Marginal Farmers (SMFs)' — directly supports PM-KMY old-age income-security component for v2q-032; upgrade to 2.
v2q-032-candidate-03,v2q-032,pilot-v2-doc-pmfby-0003-5aa41e0f864d,1,owner_first_pass_unsampled_seed42,"PMFBY exclusions and loss-limit criteria — correct scheme, describes boundaries not the main insurance fact."
v2q-032-candidate-04,v2q-032,pilot-v2-doc-pm-kisan-guidelines-0009-4b2b66f9fbc9,1,owner_first_pass_unsampled_seed42,
v2q-032-candidate-05,v2q-032,pilot-v2-doc-apy-0000-c43dd88d7899,0,owner_first_pass_unsampled_seed42,
v2q-032-candidate-06,v2q-032,pilot-v2-doc-pmuy2-0001-065bd619e9c6,0,owner_first_pass_unsampled_seed42,
v2q-032-candidate-07,v2q-032,pilot-v2-doc-pm-kisan-guidelines-0000-bbe94f08550e,1,owner_first_pass_unsampled_seed42,"PM-KISAN title page only — correct scheme, no content about ₹6,000 annual transfer."
v2q-032-candidate-08,v2q-032,pilot-v2-doc-pmfby-0002-5c46025b568d,2,owner_first_pass_unsampled_seed42,
v2q-032-candidate-09,v2q-032,pilot-v2-doc-pmfby-0001-4270154049cc,2,owner_first_pass_unsampled_seed42,
v2q-032-candidate-10,v2q-032,pilot-v2-doc-pm-kisan-guidelines-0001-5ad8f250b7e2,1,owner_first_pass_unsampled_seed42,
v2q-032-candidate-11,v2q-032,pilot-v2-doc-pm-kmy-guidelines-0003-30d7d7a0db81,1,owner_first_pass_unsampled_seed42,"PM-KMY subscriber definition and SMF eligibility — correct scheme but ₹3,000 pension amount absent."
v2q-032-candidate-12,v2q-032,pilot-v2-doc-ab-pmjay-0002-58c80bb24a6c,0,owner_regrade_agreement_seed42,
v2q-032-candidate-13,v2q-032,pilot-v2-doc-pm-kmy-guidelines-0002-ae644e1f8c00,1,owner_first_pass_unsampled_seed42,"PM-KMY matching-contribution and LIC definitions — correct scheme, contribution structure not pension amount."
v2q-032-candidate-14,v2q-032,pilot-v2-doc-mgnrega-0001-5203a455caa6,0,owner_regrade_agreement_seed42,
v2q-032-candidate-15,v2q-032,pilot-v2-doc-apy-0002-66a5cc4017fb,0,owner_first_pass_unsampled_seed42,
v2q-032-candidate-16,v2q-032,pilot-v2-doc-mgnrega-0000-7e6d80b47566,0,owner_first_pass_unsampled_seed42,
v2q-032-candidate-17,v2q-032,pilot-v2-doc-apy-0001-add48d27a4a2,0,owner_first_pass_unsampled_seed42,
v2q-033-candidate-01,v2q-033,pilot-v2-doc-pmegp-0000-7b958e1ec4b0,2,owner_adjudication_seed42,"The chunk correctly explains PMEGP as support for establishing new micro-enterprises. Under the multi-part grading rubric, correctly stating one requested programme's relevant component is sufficient for Grade 2."
v2q-033-candidate-02,v2q-033,pilot-v2-doc-pmegp-0003-43256e8e6645,1,owner_first_pass_unsampled_seed42,"PMEGP eligibility/education criteria and new-project restriction — correct scheme, partial context only."
v2q-033-candidate-03,v2q-033,pilot-v2-doc-pm-kmy-guidelines-0002-ae644e1f8c00,0,owner_first_pass_unsampled_seed42,
v2q-033-candidate-04,v2q-033,pilot-v2-doc-ab-pmjay-0001-a632a7205efc,0,owner_first_pass_unsampled_seed42,
v2q-033-candidate-05,v2q-033,pilot-v2-doc-pm-kisan-guidelines-0011-06191a382507,0,owner_first_pass_unsampled_seed42,
v2q-033-candidate-06,v2q-033,pilot-v2-doc-pmegp-0002-f67d4c730011,1,owner_first_pass_unsampled_seed42,PMEGP project-cost limits and bank balance — correct scheme but subsidy structure not explicit.
v2q-033-candidate-07,v2q-033,pilot-v2-doc-pmegp-0001-f900b4f4f97a,1,owner_regrade_agreement_seed42,
v2q-033-candidate-08,v2q-033,pilot-v2-doc-pmmy-0001-6035d0d102e8,2,owner_first_pass_unsampled_seed42,"PMMY chunk explicitly names 'Shishu loans (Covering loans upto Rs. 50,000/-)' with fee-waiver detail — Shishu is the core micro-credit product; directly supports PMMY micro-credit component for v2q-033; upgrade to 2."
v2q-033-candidate-09,v2q-033,pilot-v2-doc-pmmy-0000-70a89ee32765,2,owner_first_pass_unsampled_seed42,
v2q-033-candidate-10,v2q-033,pilot-v2-doc-pmegp-0004-80f46cce6893,1,owner_first_pass_unsampled_seed42,PMEGP eligibility and negative-list of activities — correct scheme but no subsidy mechanism described.
v2q-033-candidate-11,v2q-033,pilot-v2-doc-ab-pmjay-0002-58c80bb24a6c,0,owner_first_pass_unsampled_seed42,
v2q-033-candidate-12,v2q-033,pilot-v2-doc-pm-kmy-guidelines-0004-79b3bf95bb65,0,owner_first_pass_unsampled_seed42,
v2q-033-candidate-13,v2q-033,pilot-v2-doc-pm-svanidhi-0000-f6024bb09ca5,2,owner_adjudication_seed42,"The chunk clearly explains PM SVANidhi's collateral-free working-capital loans, interest subsidy, and digital incentives. This correctly states one requested programme's component and merits Grade 2 under the multi-part rubric."
v2q-033-candidate-14,v2q-033,pilot-v2-doc-pmay-g-0001-db2db8af1543,0,owner_first_pass_unsampled_seed42,
v2q-033-candidate-15,v2q-033,pilot-v2-doc-pm-svanidhi-0002-280acc14217b,1,owner_first_pass_unsampled_seed42,SVANidhi application/enrolment steps — correct scheme but no financial mechanism detail.
v2q-033-candidate-16,v2q-033,pilot-v2-doc-pm-svanidhi-0001-e06d259b429d,2,owner_adjudication_seed42,The chunk accurately states PM SVANidhi's working-capital loan mechanism and related benefits. This correctly states one requested programme's component and merits Grade 2 under the multi-part rubric.
v2q-034-candidate-01,v2q-034,pilot-v2-doc-pmay-u-0001-b64fadc4bf6b,0,owner_first_pass_unsampled_seed42,
v2q-034-candidate-02,v2q-034,pilot-v2-doc-pmay-g-0002-e08c1e347071,1,owner_first_pass_unsampled_seed42,
v2q-034-candidate-03,v2q-034,pilot-v2-doc-ab-pmjay-0001-a632a7205efc,0,owner_first_pass_unsampled_seed42,
v2q-034-candidate-04,v2q-034,pilot-v2-doc-mgnrega-0001-5203a455caa6,0,owner_regrade_agreement_seed42,
v2q-034-candidate-05,v2q-034,pilot-v2-doc-pm-poshan-0001-f1d73701c602,0,owner_first_pass_unsampled_seed42,
v2q-034-candidate-06,v2q-034,pilot-v2-doc-pm-gkay-0001-ccd31e120258,2,owner_first_pass_unsampled_seed42,
v2q-034-candidate-07,v2q-034,pilot-v2-doc-pm-gkay-0000-c29b96f46a80,2,owner_first_pass_unsampled_seed42,
v2q-034-candidate-08,v2q-034,pilot-v2-doc-pmegp-0003-43256e8e6645,0,owner_regrade_agreement_seed42,
v2q-034-candidate-09,v2q-034,pilot-v2-doc-pmuy-0000-ad06c0c09d46,2,owner_adjudication_seed42,The chunk correctly explains that PMUY provides LPG and clean-cooking access. This directly states one requested programme's component and merits Grade 2 under the multi-part rubric.
v2q-034-candidate-10,v2q-034,pilot-v2-doc-pmay-g-0005-c6e2fcfefcd0,1,owner_first_pass_unsampled_seed42,"PMAY-G priority beneficiary categories (HIV, single girl child, ST) — correct scheme but not housing quality/amenities."
v2q-034-candidate-11,v2q-034,pilot-v2-doc-pmay-g-0003-2769023a3f73,1,owner_first_pass_unsampled_seed42,
v2q-034-candidate-12,v2q-034,pilot-v2-doc-pmuy2-0000-95fa2d4e3b3f,2,owner_adjudication_seed42,The chunk correctly describes PMUY 2.0 and its LPG support. This directly states one requested programme's component and merits Grade 2 under the multi-part rubric.
v2q-034-candidate-13,v2q-034,pilot-v2-doc-pm-janman-0002-d0844e3327b6,0,owner_first_pass_unsampled_seed42,
v2q-034-candidate-14,v2q-034,pilot-v2-doc-pmay-g-0001-db2db8af1543,2,owner_adjudication_seed42,The chunk explicitly states that PMAY-G provides pucca houses with basic amenities for eligible rural households and describes its housing assistance. This directly satisfies the PMAY-G portion of the multi-programme question and merits Grade 2 under the rubric.
v2q-034-candidate-15,v2q-034,pilot-v2-doc-pmkvy-sp-0000-0fc5cf1d7fb0,0,owner_regrade_agreement_seed42,
v2q-034-candidate-16,v2q-034,pilot-v2-doc-mgnrega-0000-7e6d80b47566,0,owner_first_pass_unsampled_seed42,
v2q-034-candidate-17,v2q-034,pilot-v2-doc-pmay-g-0000-d4162175877d,2,owner_adjudication_seed42,The chunk accurately explains PMAY-G's rural housing objectives and support. This directly states one requested programme's component and merits Grade 2 under the multi-part rubric.
v2q-034-candidate-18,v2q-034,pilot-v2-doc-pm-janman-0000-69ac65d10edc,0,owner_first_pass_unsampled_seed42,
v2q-034-candidate-19,v2q-034,pilot-v2-doc-pm-poshan-0000-7be831685336,0,owner_first_pass_unsampled_seed42,
v2q-034-candidate-20,v2q-034,pilot-v2-doc-pm-gkay-0002-9e804cd883e8,1,owner_first_pass_unsampled_seed42,"PMGKAY AAY eligibility criteria (tribal, landless laborer) — correct scheme but not free-foodgrain provision."
v2q-034-candidate-21,v2q-034,pilot-v2-doc-pmuy-0001-5fd4d0cd2135,2,owner_first_pass_unsampled_seed42,PMUY directly states 'All PMUY beneficiaries will be provided with first LPG refill and Stove (hot plate) both free of cost along with their deposit free connection' — directly supports clean-cooking/LPG-access component for v2q-034; upgrade to 2.
