category,system,metric,query_n,mean,ci_low,ci_high,bootstrap_samples,seed
exact_lookup,bm25,mrr_at_10,6,1.0,1.0,1.0,10000,42
exact_lookup,bm25,recall_at_10,6,0.8634920634920635,0.746031746031746,0.9666666666666667,10000,42
exact_lookup,bm25,ndcg_graded_at_10,6,0.9168470345077518,0.8703004370710081,0.9612578714696182,10000,42
exact_lookup,faiss_windowed_max,mrr_at_10,6,0.8666666666666667,0.6,1.0,10000,42
exact_lookup,faiss_windowed_max,recall_at_10,6,0.6412698412698412,0.5555555555555555,0.7269841269841271,10000,42
exact_lookup,faiss_windowed_max,ndcg_graded_at_10,6,0.7041192788825615,0.5497412551107437,0.839214310554567,10000,42
exact_lookup,graph_v3_2,mrr_at_10,6,0.9166666666666666,0.75,1.0,10000,42
exact_lookup,graph_v3_2,recall_at_10,6,0.9206349206349206,0.8095238095238094,1.0,10000,42
exact_lookup,graph_v3_2,ndcg_graded_at_10,6,0.9041665491340791,0.833624090915786,0.9673038416063879,10000,42
exact_lookup,hybrid_rrf,mrr_at_10,6,1.0,1.0,1.0,10000,42
exact_lookup,hybrid_rrf,recall_at_10,6,0.9206349206349206,0.8095238095238094,1.0,10000,42
exact_lookup,hybrid_rrf,ndcg_graded_at_10,6,0.9460813132837926,0.9036346899289042,0.985897017346037,10000,42
exact_lookup,prompt_rag_claude,mrr_at_10,6,1.0,1.0,1.0,10000,42
exact_lookup,prompt_rag_claude,recall_at_10,6,0.7087301587301588,0.5039682539682538,0.9111111111111111,10000,42
exact_lookup,prompt_rag_claude,ndcg_graded_at_10,6,0.849682536382319,0.736786841080819,0.9496888512709653,10000,42
terminology,bm25,mrr_at_10,6,0.9166666666666666,0.75,1.0,10000,42
terminology,bm25,recall_at_10,6,0.8888888888888888,0.6666666666666666,1.0,10000,42
terminology,bm25,ndcg_graded_at_10,6,0.7938448917172156,0.5981257292103918,0.9221670485714512,10000,42
terminology,faiss_windowed_max,mrr_at_10,6,0.9166666666666666,0.75,1.0,10000,42
terminology,faiss_windowed_max,recall_at_10,6,0.7777777777777777,0.5555555555555556,0.9444444444444445,10000,42
terminology,faiss_windowed_max,ndcg_graded_at_10,6,0.7834027143808603,0.6144821570823634,0.9433185613867616,10000,42
terminology,graph_v3_2,mrr_at_10,6,1.0,1.0,1.0,10000,42
terminology,graph_v3_2,recall_at_10,6,1.0,1.0,1.0,10000,42
terminology,graph_v3_2,ndcg_graded_at_10,6,0.9894083642881132,0.9682250928643393,1.0,10000,42
terminology,hybrid_rrf,mrr_at_10,6,1.0,1.0,1.0,10000,42
terminology,hybrid_rrf,recall_at_10,6,1.0,1.0,1.0,10000,42
terminology,hybrid_rrf,ndcg_graded_at_10,6,0.970452326406032,0.9217667289522905,1.0,10000,42
terminology,prompt_rag_claude,mrr_at_10,6,1.0,1.0,1.0,10000,42
terminology,prompt_rag_claude,recall_at_10,6,0.8333333333333334,0.611111111111111,1.0,10000,42
terminology,prompt_rag_claude,ndcg_graded_at_10,6,0.8896928955752741,0.7692888577351401,1.0,10000,42
paraphrase,bm25,mrr_at_10,6,0.8333333333333334,0.5,1.0,10000,42
paraphrase,bm25,recall_at_10,6,0.6619047619047619,0.36190476190476195,0.8999999999999999,10000,42
paraphrase,bm25,ndcg_graded_at_10,6,0.7173204451321681,0.4128518834648419,0.9304130507130083,10000,42
paraphrase,faiss_windowed_max,mrr_at_10,6,0.4083333333333334,0.2333333333333333,0.6583333333333333,10000,42
paraphrase,faiss_windowed_max,recall_at_10,6,0.7873015873015873,0.653968253968254,0.9206349206349208,10000,42
paraphrase,faiss_windowed_max,ndcg_graded_at_10,6,0.5591329963392755,0.43826848917483446,0.7011601999598803,10000,42
paraphrase,graph_v3_2,mrr_at_10,6,0.0,0.0,0.0,10000,42
paraphrase,graph_v3_2,recall_at_10,6,0.0,0.0,0.0,10000,42
paraphrase,graph_v3_2,ndcg_graded_at_10,6,0.0,0.0,0.0,10000,42
paraphrase,hybrid_rrf,mrr_at_10,6,0.8333333333333334,0.5,1.0,10000,42
paraphrase,hybrid_rrf,recall_at_10,6,0.6619047619047619,0.3666666666666667,0.9,10000,42
paraphrase,hybrid_rrf,ndcg_graded_at_10,6,0.7173204451321681,0.4182374181857656,0.9304130507130083,10000,42
paraphrase,prompt_rag_claude,mrr_at_10,6,1.0,1.0,1.0,10000,42
paraphrase,prompt_rag_claude,recall_at_10,6,0.8412698412698413,0.6190476190476191,1.0,10000,42
paraphrase,prompt_rag_claude,ndcg_graded_at_10,6,0.8811946768797972,0.7344240069352529,0.9701303438958032,10000,42
entity_relation,bm25,mrr_at_10,6,1.0,1.0,1.0,10000,42
entity_relation,bm25,recall_at_10,6,0.8314814814814815,0.7055555555555556,0.9537037037037036,10000,42
entity_relation,bm25,ndcg_graded_at_10,6,0.8814925574393446,0.8133234673699742,0.9532668867335555,10000,42
entity_relation,faiss_windowed_max,mrr_at_10,6,0.9166666666666666,0.75,1.0,10000,42
entity_relation,faiss_windowed_max,recall_at_10,6,0.7092592592592593,0.4703703703703704,0.9166666666666666,10000,42
entity_relation,faiss_windowed_max,ndcg_graded_at_10,6,0.7584970677180164,0.6029601085153115,0.9043464622803975,10000,42
entity_relation,graph_v3_2,mrr_at_10,6,0.9166666666666666,0.75,1.0,10000,42
entity_relation,graph_v3_2,recall_at_10,6,0.7999999999999999,0.5777777777777778,0.9666666666666667,10000,42
entity_relation,graph_v3_2,ndcg_graded_at_10,6,0.8392556404213796,0.7312047726978417,0.943569402609444,10000,42
entity_relation,hybrid_rrf,mrr_at_10,6,1.0,1.0,1.0,10000,42
entity_relation,hybrid_rrf,recall_at_10,6,0.8925925925925925,0.7851851851851852,0.9814814814814815,10000,42
entity_relation,hybrid_rrf,ndcg_graded_at_10,6,0.933336189062652,0.8897168604834521,0.9762816242502613,10000,42
entity_relation,prompt_rag_claude,mrr_at_10,6,1.0,1.0,1.0,10000,42
entity_relation,prompt_rag_claude,recall_at_10,6,0.8925925925925925,0.7444444444444445,1.0,10000,42
entity_relation,prompt_rag_claude,ndcg_graded_at_10,6,0.913240025807765,0.8042865585947441,0.9844213385814292,10000,42
multi_hop,bm25,mrr_at_10,6,1.0,1.0,1.0,10000,42
multi_hop,bm25,recall_at_10,6,0.8191142191142191,0.6997668997668999,0.9333333333333332,10000,42
multi_hop,bm25,ndcg_graded_at_10,6,0.8365615940034705,0.7652599018957469,0.9117898572047939,10000,42
multi_hop,faiss_windowed_max,mrr_at_10,6,0.9166666666666666,0.75,1.0,10000,42
multi_hop,faiss_windowed_max,recall_at_10,6,0.6409479409479409,0.40155400155400156,0.8803418803418803,10000,42
multi_hop,faiss_windowed_max,ndcg_graded_at_10,6,0.6873358329132652,0.533531104028353,0.8303551689028611,10000,42
multi_hop,graph_v3_2,mrr_at_10,6,1.0,1.0,1.0,10000,42
multi_hop,graph_v3_2,recall_at_10,6,0.7379176379176379,0.6282828282828282,0.8666666666666667,10000,42
multi_hop,graph_v3_2,ndcg_graded_at_10,6,0.7882209668725033,0.7154741396817043,0.8723111371816018,10000,42
multi_hop,hybrid_rrf,mrr_at_10,6,1.0,1.0,1.0,10000,42
multi_hop,hybrid_rrf,recall_at_10,6,0.8398212898212898,0.7403263403263404,0.938888888888889,10000,42
multi_hop,hybrid_rrf,ndcg_graded_at_10,6,0.8895659440431841,0.8258104157762292,0.9467340353166045,10000,42
multi_hop,prompt_rag_claude,mrr_at_10,6,1.0,1.0,1.0,10000,42
multi_hop,prompt_rag_claude,recall_at_10,6,0.9207459207459209,0.7925407925407925,1.0,10000,42
multi_hop,prompt_rag_claude,ndcg_graded_at_10,6,0.9728335999349556,0.9364099148772561,0.9961815892444514,10000,42
synthesis,bm25,mrr_at_10,4,0.875,0.625,1.0,10000,42
synthesis,bm25,recall_at_10,4,0.7090909090909091,0.6522727272727272,0.7749999999999999,10000,42
synthesis,bm25,ndcg_graded_at_10,4,0.7806461491319573,0.6609845176548882,0.8903123054336275,10000,42
synthesis,faiss_windowed_max,mrr_at_10,4,1.0,1.0,1.0,10000,42
synthesis,faiss_windowed_max,recall_at_10,4,0.6159090909090909,0.3818181818181818,0.8500000000000001,10000,42
synthesis,faiss_windowed_max,ndcg_graded_at_10,4,0.6115594206056331,0.39266635987484344,0.8577841370366476,10000,42
synthesis,graph_v3_2,mrr_at_10,4,0.0,0.0,0.0,10000,42
synthesis,graph_v3_2,recall_at_10,4,0.0,0.0,0.0,10000,42
synthesis,graph_v3_2,ndcg_graded_at_10,4,0.0,0.0,0.0,10000,42
synthesis,hybrid_rrf,mrr_at_10,4,0.875,0.625,1.0,10000,42
synthesis,hybrid_rrf,recall_at_10,4,0.7090909090909091,0.6522727272727272,0.7749999999999999,10000,42
synthesis,hybrid_rrf,ndcg_graded_at_10,4,0.7806461491319573,0.6609845176548882,0.8903123054336275,10000,42
synthesis,prompt_rag_claude,mrr_at_10,4,0.8125,0.4375,1.0,10000,42
synthesis,prompt_rag_claude,recall_at_10,4,0.8068181818181819,0.6136363636363636,1.0,10000,42
synthesis,prompt_rag_claude,ndcg_graded_at_10,4,0.8108714252377806,0.5489446143409351,0.9914583202376159,10000,42
