q_0001	0	chunk_703d79a4	1
q_0002	0	chunk_bb712328	1
q_0003	0	chunk_4c8abbf6	1
q_0004	0	chunk_d9b29e30	1
q_0005	0	chunk_054b5d2b	1
q_0006	0	chunk_0e5de080	1
q_0007	0	chunk_7b1312ae	1
q_0008	0	chunk_848cc9ee	1
q_0009	0	chunk_5a81dc46	1
q_0010	0	chunk_0afb475a	1
q_0011	0	chunk_460b3a34	1
q_0012	0	chunk_8fc66a96	1
q_0013	0	chunk_28092d50	1
q_0014	0	chunk_8caef92e	1
q_0015	0	chunk_1e5cce0c	1
q_0016	0	chunk_6a1ab95d	1
q_0017	0	chunk_7a28695d	1
q_0018	0	chunk_b59233b2	1
q_0019	0	chunk_cf2cceaf	1
q_0020	0	chunk_6dba0b64	1
q_0021	0	chunk_8b678016	1
q_0022	0	chunk_de5a3d6b	1
q_0023	0	chunk_fd158cd5	1
q_0024	0	chunk_bf8fe767	1
q_0025	0	chunk_099299e1	1
q_0026	0	chunk_099299e1	1
q_0027	0	chunk_1c044a65	1
q_0028	0	chunk_bb712328	1
q_0029	0	chunk_bb712328	1
q_0030	0	chunk_1ec4c3a5	1
q_0031	0	chunk_1ec4c3a5	1
q_0032	0	chunk_4c8abbf6	1
q_0033	0	chunk_4c8abbf6	1
q_0034	0	chunk_58030e7d	1
q_0035	0	chunk_58030e7d	1
q_0036	0	chunk_15c479e6	1
q_0037	0	chunk_15c479e6	1
q_0038	0	chunk_359582f3	1
q_0039	0	chunk_359582f3	1
q_0040	0	chunk_ca837a0a	1
q_0041	0	chunk_8b678016	1
q_0042	0	chunk_0ad75f93	1
q_0043	0	chunk_0102efff	1
q_0044	0	chunk_76feb74d	1
q_0045	0	chunk_de5a3d6b	1
q_0046	0	chunk_68a60725	1
q_0047	0	chunk_d955cb68	1
q_0048	0	chunk_b1bcabc9	1
q_0049	0	chunk_d40410ee	1
q_0050	0	chunk_099299e1	1
q_0051	0	chunk_bb712328	1
q_0052	0	chunk_43a7ffa2	1
q_0053	0	chunk_4c8abbf6	1
q_0054	0	chunk_d9b29e30	1
q_0055	0	chunk_054b5d2b	1
q_0056	0	chunk_7fbf44be	1
q_0057	0	chunk_0406f424	1
q_0058	0	chunk_4591671e	1
q_0059	0	chunk_9cc66ed3	1
q_0060	0	chunk_afb77916	1
q_0061	0	chunk_7afa6a42	1
q_0061	0	chunk_859a0a3b	1
q_0062	0	chunk_25f4f1f8	1
q_0062	0	chunk_3372c49c	1
q_0063	0	chunk_1ec7678d	1
q_0063	0	chunk_d9da9692	1
q_0064	0	chunk_bb712328	1
q_0064	0	chunk_8fdc1298	1
q_0065	0	chunk_b59233b2	1
q_0065	0	chunk_f65b5ba7	1
q_0066	0	chunk_3a805dd7	1
q_0066	0	chunk_738d48a8	1
q_0067	0	chunk_7a28695d	1
q_0067	0	chunk_58030e7d	1
q_0068	0	chunk_74005926	1
q_0068	0	chunk_c237c610	1
q_0069	0	chunk_5a400edf	1
q_0069	0	chunk_bd8cf3a1	1
q_0070	0	chunk_07b48a99	1
q_0070	0	chunk_3372c49c	1
q_0071	0	chunk_493ccc69	1
q_0071	0	chunk_157fb1c3	1
q_0072	0	chunk_b0152e51	1
q_0072	0	chunk_6c1cddf0	1
q_0073	0	chunk_5a400edf	1
q_0073	0	chunk_7d6da280	1
q_0074	0	chunk_b052ea4b	1
q_0074	0	chunk_80d73df5	1
q_0075	0	chunk_60a58ee0	1
q_0075	0	chunk_1fd470c4	1
q_0076	0	chunk_f65b5ba7	1
q_0076	0	chunk_2a4d53ce	1
q_0077	0	chunk_7a28695d	1
q_0077	0	chunk_eabef128	1
q_0078	0	chunk_136cd204	1
q_0078	0	chunk_7291461b	1
q_0079	0	chunk_eabef128	1
q_0079	0	chunk_74005926	1
q_0080	0	chunk_4eb05876	1
q_0080	0	chunk_0e5de080	1
q_0081	0	chunk_e41622a9	1
q_0081	0	chunk_2a4d53ce	1
q_0082	0	chunk_21611109	1
q_0082	0	chunk_5aeb940f	1
q_0083	0	chunk_ba1d8435	1
q_0083	0	chunk_1e1cbad8	1
q_0084	0	chunk_aa3beb45	1
q_0084	0	chunk_e41622a9	1
q_0085	0	chunk_594fd974	1
q_0085	0	chunk_b6da3286	1
q_0086	0	chunk_99478c0a	1
q_0086	0	chunk_0a920a3a	1
q_0087	0	chunk_6a1ab95d	1
q_0087	0	chunk_8caef92e	1
q_0088	0	chunk_98e3d70d	1
q_0088	0	chunk_0fc946cc	1
q_0089	0	chunk_797e87b4	1
q_0089	0	chunk_34ee95f1	1
q_0090	0	chunk_3aac3916	1
q_0090	0	chunk_bb712328	1
q_0091	0	chunk_eabef128	1
q_0091	0	chunk_0afb475a	1
q_0092	0	chunk_6a1ab95d	1
q_0092	0	chunk_03e828a2	1
q_0093	0	chunk_054b5d2b	1
q_0093	0	chunk_b9e694ae	1
q_0094	0	chunk_4f60c46f	1
q_0094	0	chunk_bb712328	1
q_0095	0	chunk_910acbaa	1
q_0095	0	chunk_f5178833	1
q_0096	0	chunk_b0152e51	1
q_0096	0	chunk_f5178833	1
q_0097	0	chunk_3a805dd7	1
q_0097	0	chunk_0afb475a	1
q_0098	0	chunk_030a851f	1
q_0098	0	chunk_6709215b	1
q_0099	0	chunk_bc3eff19	1
q_0099	0	chunk_16bd7095	1
q_0100	0	chunk_e51e38e3	1
q_0100	0	chunk_0e5de080	1
